Date,VIX,RVOL,SPX,SPX_OX,RVOL_5min
1/3/2000,24.21,,1455.22,1454.24,0.000140815
1/4/2000,27.01,,1399.42,1399.02,0.000224131
1/5/2000,26.41,,1402.11,1402.09,0.000314282
1/6/2000,25.73,,1403.45,1403.06,0.00013081
1/7/2000,21.72,,1441.47,1440.84,0.0000936
1/10/2000,21.71,,1457.6,1456.84,0.000120213
1/11/2000,22.5,,1438.56,1438.33,0.0000681
1/12/2000,22.84,,1432.25,1431.99,0.000123002
1/13/2000,21.71,,1449.68,1449.87,0.000101328
1/14/2000,19.66,,1465.15,1463.86,0.0001393
1/18/2000,21.5,,1455.14,1455.41,0.0000927
1/19/2000,21.72,,1455.9,1455.71,0.0000491
1/20/2000,21.75,,1445.57,1444.96,0.00012966
1/21/2000,20.82,,1441.36,1440.66,0.0000503
1/24/2000,24.07,,1401.53,1400.59,0.000189534
1/25/2000,23.02,,1410.03,1409.51,0.000175694
1/26/2000,23.03,,1404.09,1404.37,0.0000699
1/27/2000,23.54,,1398.56,1398.84,0.000187655
1/28/2000,26.14,,1360.16,1362.02,0.000278108
1/31/2000,24.95,,1394.46,1393.34,0.000189149
2/1/2000,23.45,,1409.28,1408.92,0.000116687
2/2/2000,23.12,,1409.12,1409.25,0.0000942
2/3/2000,22.01,,1424.97,1424.2,0.000148094
2/4/2000,21.54,,1424.37,1424.43,0.0000675
2/7/2000,22.79,,1424.24,1424.27,0.0000602
2/8/2000,21.25,,1441.72,1440.9,0.000091
2/9/2000,22.9,,1411.7,1412.47,0.0000931
2/10/2000,23.07,,1416.83,1415.98,0.000116883
2/11/2000,24.42,,1387.12,1380.47,0.000102716
2/14/2000,24.38,,1389.94,1389.72,0.0000938
2/15/2000,22.92,,1402.05,1402.6,0.000131203
2/16/2000,23.51,,1387.67,1387.71,0.0000887
2/17/2000,23.17,,1388.26,1387.29,0.000182937
2/18/2000,26,,1346.09,1348.23,0.000151008
2/22/2000,25.86,,1352.17,1351.97,0.000193855
2/23/2000,23.89,,1360.69,1362.07,0.000121463
2/24/2000,24.38,,1353.43,1353.63,0.000291104
2/25/2000,25.2,,1333.36,1334.24,0.000231948
2/28/2000,24.68,,1348.05,1348.08,0.000225755
2/29/2000,23.37,,1366.42,1367.51,0.000135896
3/1/2000,21.64,,1379.19,1378.28,0.000102447
3/2/2000,21.06,,1381.76,1381.93,0.0000988
3/3/2000,19.21,,1409.17,1408.55,0.0000915
3/6/2000,21.5,,1391.28,1390.45,0.0000684
3/7/2000,24.31,,1355.62,1356.12,0.000271514
3/8/2000,23.82,,1366.7,1371.51,0.000132879
3/9/2000,22.21,,1401.69,1399.96,0.000109624
3/10/2000,21.24,,1395.07,1395.5,0.000119246
3/13/2000,22.85,,1383.62,1381.67,0.000491976
3/14/2000,24.41,,1359.15,1361.85,0.000149881
3/15/2000,22.34,,1392.15,1386.42,0.000231089
3/16/2000,20.77,,1458.47,1456.35,0.000263098
3/17/2000,22.37,,1464.47,#N/A,#N/A
3/20/2000,22.96,,1456.63,1456.34,0.0000879
3/21/2000,21.7,,1493.87,1493.42,0.000155396
3/22/2000,21.49,,1500.64,1500.01,0.0000788
3/23/2000,22.26,,1527.35,1526.33,0.000145602
3/24/2000,23.31,,1527.46,1528.98,0.000141921
3/27/2000,24.53,,1523.86,1523.33,0.0000796
3/28/2000,24.86,,1507.73,1522.1,0.0000705
3/29/2000,24.1,,1508.52,1508.93,0.000160433
3/30/2000,25.47,,1487.92,1489.25,0.000230324
3/31/2000,24.11,,1498.58,1503.18,0.000235033
4/3/2000,24.03,,1505.97,1504.94,0.00020084
4/4/2000,27.12,,1494.73,1494.85,0.00125536
4/5/2000,28.41,,1487.37,1488.28,0.000494035
4/6/2000,27.15,,1501.34,1500.17,0.000193019
4/7/2000,24.39,,1516.35,1516.15,0.0000872
4/10/2000,25.99,,1504.46,1505.25,0.000111011
4/11/2000,27.25,,1500.59,1499.68,0.000222686
4/12/2000,28.98,,1467.17,1497.21,0.000123097
4/13/2000,29.4,,1440.51,1440.5,0.000379549
4/14/2000,33.49,,1356.56,1355.67,0.00107648
4/17/2000,28.95,,1401.44,1399.13,0.000593767
4/18/2000,26.12,,1441.61,1440.97,0.000265623
4/19/2000,27.02,,1427.47,1428.06,0.000165979
4/20/2000,25.85,,1434.54,1433.68,0.0000882
4/24/2000,27.37,,1429.86,1428.68,0.000527281
4/25/2000,25.24,,1477.44,1477.38,0.000131626
4/26/2000,26.97,,1460.99,1461.09,0.000108986
4/27/2000,26.19,,1464.92,1463.99,0.000277438
4/28/2000,26.2,,1452.43,1452.51,0.000129912
5/1/2000,25.88,,1468.25,1468.18,0.000119217
5/2/2000,28.5,,1446.29,1445.97,0.0000991
5/3/2000,31.63,,1415.1,1415.44,0.00022991
5/4/2000,30.77,,1409.57,1410.07,0.000108747
5/5/2000,27.53,,1432.63,1432.24,0.000125533
5/8/2000,28.2,,1424.17,1423.51,0.000128348
5/9/2000,28.93,,1412.14,1413.27,0.000128416
5/10/2000,29.87,,1383.05,1382.45,0.000249412
5/11/2000,27.76,,1407.81,1407.56,0.000155551
5/12/2000,26.05,,1420.96,1420.68,0.0000831
5/15/2000,24.86,,1452.36,1451.53,0.0000796
5/16/2000,24.34,,1466.04,1465.38,0.000225934
5/17/2000,23.98,,1447.8,1448.28,0.000185231
5/18/2000,23.96,,1437.21,1437.7,0.0000724
5/19/2000,25.44,,1406.95,1406.38,0.000191604
5/22/2000,26,,1400.72,1399.97,0.000318219
5/23/2000,25.87,,1373.86,1373.94,0.000172636
5/24/2000,24.32,,1399.05,1398.81,0.000334409
5/25/2000,24.58,,1381.52,1381.87,0.000182684
5/26/2000,24.47,,1378.02,1378.71,0.000187903
5/30/2000,23.62,,1422.45,1421.5,0.00015429
5/31/2000,23.65,,1420.6,1420.04,0.000150951
6/1/2000,22.36,,1448.81,1447.41,0.0000978
6/2/2000,21.48,,1477.26,1476.82,0.000132286
6/5/2000,22.71,,1467.63,1467.58,0.0000942
6/6/2000,23.05,,1457.84,1457.4,0.0000662
6/7/2000,22.48,,1471.36,1471.7,0.0000769
6/8/2000,22.77,,1461.67,1461.23,0.0000628
6/9/2000,22.14,,1456.95,1457.72,0.0000565
6/12/2000,22.32,,1446,1447.11,0.0000589
6/13/2000,21.67,,1469.44,1469.28,0.0000775
6/14/2000,21.48,,1470.54,1470.57,0.0000814
6/15/2000,20.68,,1478.73,1478.17,0.0000809
6/16/2000,20.5,,1464.46,1466.17,0.0000521
6/19/2000,20.63,,1486,1486.37,0.0000547
6/20/2000,20.88,,1475.95,1476.34,0.0000905
6/21/2000,20.61,,1479.13,1478.9,0.0000751
6/22/2000,22,,1452.18,1452.71,0.0000936
6/23/2000,22.34,,1441.48,1441.87,0.00008
6/26/2000,22.45,,1455.31,1455.37,0.0000705
6/27/2000,21.8,,1450.55,1451.81,0.0000456
6/28/2000,20.29,,1454.82,1455.55,0.0000669
6/29/2000,19.7,,1442.39,1442.55,0.000136116
6/30/2000,19.54,,1454.6,1451.65,0.0000645
7/3/2000,19.83,,1469.54,1455.86,0.0000203
7/5/2000,21.16,,1446.23,1446.84,0.0000647
7/6/2000,20.94,,1456.67,1456.73,0.0000584
7/7/2000,19.22,,1478.9,1479.37,0.000044
7/10/2000,20.33,,1475.62,1476.43,0.0000388
7/11/2000,20.11,,1480.88,1480.17,0.00008
7/12/2000,20.03,,1492.92,1493.1,0.0000569
7/13/2000,20.03,,1495.84,1495.6,0.0000343
7/14/2000,19.32,,1509.98,1508.26,0.0000365
7/17/2000,19.45,,1510.49,1510.41,0.0000259
7/18/2000,19.75,,1493.74,1494.28,0.0000432
7/19/2000,19.65,,1481.96,1483.26,0.0000517
7/20/2000,18.94,,1495.57,1496.12,0.0000888
7/21/2000,18.94,,1480.19,1480.63,0.0000434
7/24/2000,19.92,,1464.29,1465.13,0.0000565
7/25/2000,19.39,,1474.47,1473.7,0.000101945
7/26/2000,19.67,,1452.42,1457.12,0.0000939
7/27/2000,19.6,,1449.62,1449.82,0.000151173
7/28/2000,20.84,,1419.89,1419.54,0.00015968
7/31/2000,20.74,,1430.83,1431.24,0.000103386
8/1/2000,20.55,,1438.1,1437.48,0.0000828
8/2/2000,20,,1438.7,1438.87,0.0000781
8/3/2000,19.99,,1452.56,1452.27,0.000113806
8/4/2000,18.62,,1462.93,1462,0.000075
8/7/2000,19.03,,1479.32,1479.04,0.0000452
8/8/2000,18.79,,1482.8,1482.89,0.0000461
8/9/2000,19.18,,1472.87,1473.79,0.0000543
8/10/2000,19.19,,1460.25,1460.12,0.0000422
8/11/2000,18.55,,1471.84,1471.12,0.0000614
8/14/2000,17.88,,1491.56,1490.85,0.0000356
8/15/2000,17.98,,1484.43,1485.5,0.0000341
8/16/2000,18.02,,1479.85,1480.27,0.0000376
8/17/2000,17.48,,1496.07,1495.84,0.0000441
8/18/2000,17.05,,1491.72,1492.27,0.0000318
8/21/2000,17.35,,1499.48,1498.87,0.0000402
8/22/2000,17.47,,1498.13,1498.38,0.000037
8/23/2000,17.38,,1505.97,1505.97,0.0000361
8/24/2000,17.04,,1508.31,1508.34,0.0000213
8/25/2000,16.53,,1506.45,1506.74,0.000023
8/28/2000,16.54,,1514.09,1515.13,0.0000344
8/29/2000,16.89,,1509.84,1510.47,0.0000343
8/30/2000,17.69,,1502.59,1503.44,0.000025
8/31/2000,16.84,,1517.68,1518.38,0.0000406
9/1/2000,17.53,,1520.77,1520.56,0.0000535
9/5/2000,19.82,,1507.08,1507.42,0.0000348
9/6/2000,20.79,,1492.25,1492.65,0.0000554
9/7/2000,19.42,,1502.51,1502.65,0.0000424
9/8/2000,18.46,,1494.5,1493.13,0.0000464
9/11/2000,18.4,,1489.26,1488.86,0.0000738
9/12/2000,18.59,,1481.99,1481.28,0.0000519
9/13/2000,18.32,,1484.91,1484.41,0.0000929
9/14/2000,18.26,,1480.87,1480.58,0.0000499
9/15/2000,18.52,,1465.81,1466.25,0.0000521
9/18/2000,20.25,,1444.51,1444.65,0.0000689
9/19/2000,19.54,,1459.9,1459.83,0.0000964
9/20/2000,19.93,,1451.34,1451.24,0.000136589
9/21/2000,20.18,,1449.05,1449.11,0.000124562
9/22/2000,20.74,,1448.72,1448.04,0.000110349
9/25/2000,21.41,,1439.03,1439.5,0.0000686
9/26/2000,21.88,,1427.21,1428.47,0.000106859
9/27/2000,21.67,,1426.57,1426.48,0.000133645
9/28/2000,19.47,,1458.29,1459.48,0.0000906
9/29/2000,20.57,,1436.51,1436.77,0.000123575
10/2/2000,21.23,,1436.23,1435.48,0.000101308
10/3/2000,21.85,,1426.46,1425.4,0.0000849
10/4/2000,21.54,,1434.32,1434.59,0.000170224
10/5/2000,21.03,,1436.28,1436.42,0.0000979
10/6/2000,22.71,,1408.99,1408.11,0.000166387
10/9/2000,24.02,,1402.03,1401.68,0.0000917
10/10/2000,24.86,,1387.02,1385.78,0.000165757
10/11/2000,26.57,,1364.59,1363.76,0.000377459
10/12/2000,30.51,,1329.78,1329.03,0.000549154
10/13/2000,27.6,,1374.17,1373.32,0.000177288
10/16/2000,26.79,,1374.62,1373.67,0.0000936
10/17/2000,27.84,,1349.97,1349.85,0.000143072
10/18/2000,28.72,,1342.13,1341.53,0.000679895
10/19/2000,25.09,,1388.76,1388.75,0.000271556
10/20/2000,24.24,,1396.93,1396.05,0.0000954
10/23/2000,24.69,,1395.78,1396.31,0.000095
10/24/2000,24.28,,1398.13,1397.9,0.000125068
10/25/2000,26.65,,1364.9,1365.47,0.000208251
10/26/2000,28.62,,1364.44,1363.77,0.000300417
10/27/2000,26.47,,1379.58,1379.25,0.000220433
10/30/2000,25.46,,1398.66,1398.64,0.000128811
10/31/2000,23.63,,1429.4,1429.01,0.0000793
11/1/2000,24.28,,1421.22,1420.6,0.000105931
11/2/2000,23.92,,1428.32,1428.12,0.0000629
11/3/2000,23.67,,1426.69,1426.85,0.0000645
11/6/2000,24.52,,1432.19,1432.19,0.0000341
11/7/2000,24.91,,1431.87,1432.44,0.0000491
11/8/2000,25.66,,1409.28,1408.97,0.000122978
11/9/2000,27.2,,1400.14,1399.18,0.000340869
11/10/2000,28.53,,1365.98,1366.93,0.000163699
11/13/2000,29.06,,1351.26,1351.35,0.000384009
11/14/2000,26.81,,1382.95,1383.08,0.000192397
11/15/2000,26.15,,1389.81,1389.07,0.000134461
11/16/2000,25.05,,1372.32,1373.48,0.0000979
11/17/2000,24.81,,1367.72,1368.75,0.000265957
11/20/2000,27.43,,1342.62,1342.42,0.000123626
11/21/2000,26.62,,1347.35,1346.58,0.000134453
11/22/2000,27.71,,1322.36,1322.17,0.000241943
11/24/2000,26,,1341.77,1341.77,0.000058
11/27/2000,26.93,,1348.97,1350.25,0.000213025
11/28/2000,27.64,,1336.09,1335.39,0.000135739
11/29/2000,27.49,,1341.91,1341.9,0.000190003
11/30/2000,29.65,,1314.95,1314,0.000350859
12/1/2000,27.48,,1315.23,1314.59,0.000178875
12/4/2000,27.78,,1324.97,1325.23,0.00020412
12/5/2000,24.99,,1376.54,1375.47,0.000121039
12/6/2000,25.07,,1351.46,1350.87,0.000181997
12/7/2000,25.34,,1343.55,1344.07,0.0000812
12/8/2000,22.41,,1369.89,1370.93,0.000205989
12/11/2000,23.51,,1380.2,1381.9,0.0000902
12/12/2000,24.88,,1371.18,1370.53,0.0000664
12/13/2000,23.63,,1359.99,1359.51,0.000197687
12/14/2000,24.86,,1340.93,1340.77,0.000142854
12/15/2000,26.55,,1312.15,1323.96,0.000185941
12/18/2000,27.7,,1322.74,1322.31,0.000157698
12/19/2000,27.17,,1305.6,1305.61,0.000329295
12/20/2000,31.74,,1264.74,1264.97,0.000522898
12/21/2000,29.66,,1274.86,1274.05,0.000237744
12/22/2000,27.55,,1305.97,1305.45,0.000140846
12/26/2000,28.73,,1315.19,1315.79,0.0000809
12/27/2000,28.14,,1328.92,1329.06,0.0000891
12/28/2000,26.57,,1334.22,1333.64,0.0000595
12/29/2000,26.85,,1320.28,1319.38,0.0000913
1/2/2001,29.99,,1283.27,1282,0.000202507
1/3/2001,26.6,,1347.56,1347.7,0.001002561
1/4/2001,26.97,,1333.34,1333.09,0.000159003
1/5/2001,28.67,,1298.35,1298.81,0.000244185
1/8/2001,29.84,,1295.86,1289.27,0.0000825
1/9/2001,27.99,,1300.8,1300.46,0.000158134
1/10/2001,26.8,,1313.27,1313,0.000185857
1/11/2001,25.79,,1326.82,1326.64,0.0000941
1/12/2001,24.56,,1318.32,1318.64,0.000114805
1/16/2001,25.28,,1326.65,1325.7,0.0000816
1/17/2001,24.93,,1329.47,1328.61,0.000164844
1/18/2001,23.37,,1347.97,1348.27,0.0000895
1/19/2001,23.24,,1342.54,1342.57,0.00010554
1/22/2001,23.25,,1342.9,1342.99,0.0000956
1/23/2001,21.57,,1360.4,1359.72,0.0000693
1/24/2001,22.03,,1364.3,1363.91,0.0000826
1/25/2001,22.64,,1357.51,1357.79,0.0000715
1/26/2001,22.57,,1354.95,1354.94,0.0000732
2/1/2001,21.66,22.17,1373.47,1371.7,0.0000731
2/2/2001,21.95,15.21,1349.47,1348.73,0.0000691
2/5/2001,22.19,14.97,1354.31,1354.1,0.0000522
2/6/2001,21.98,11.72,1352.26,1352.13,0.000044
2/7/2001,21.67,12.1,1340.89,1340.82,0.0000943
2/8/2001,21.46,12.26,1332.53,1332.46,0.0000572
2/9/2001,22.03,12.51,1314.76,1315.38,0.0000605
2/12/2001,21.92,12.74,1330.31,1329.79,0.0000681
2/13/2001,21.37,12.97,1318.8,1317.68,0.0000726
2/14/2001,21.52,12.82,1315.92,1316.47,0.0000849
2/15/2001,20.27,13.03,1326.61,1326.51,0.0000755
2/16/2001,22.12,13.7,1301.53,1301.49,0.0000781
2/20/2001,24.69,14.87,1278.94,1278.6,0.0000807
2/21/2001,25.75,16.46,1255.27,1254.67,0.000127332
2/22/2001,26.76,16,1252.82,1252.17,0.00035031
2/23/2001,27.21,16.07,1245.86,1245.61,0.000324734
2/26/2001,25.43,17.26,1267.65,1267.18,0.000127618
2/27/2001,26.49,17.42,1257.94,1257.94,0.0000822
2/28/2001,28.35,18.19,1239.94,1240.19,0.000216303
3/1/2001,28.08,18.03,1241.23,1241,0.000269519
3/2/2001,27.43,18.06,1234.18,1248.05,0.000288071
3/5/2001,27.12,18.18,1241.41,1241.17,0.0000793
3/6/2001,25.89,17.56,1253.8,1253.65,0.000148879
3/7/2001,24.12,17.55,1261.89,1261.49,0.000130203
3/8/2001,24.29,17.53,1264.74,#N/A,#N/A
3/9/2001,25.62,19.48,1233.42,1232.35,0.000207049
3/12/2001,30.32,24.94,1180.16,1178.88,0.000314893
3/13/2001,27.55,25.23,1197.66,1197.08,0.000251061
3/14/2001,29.61,26.42,1166.71,1166.18,0.00090745
3/15/2001,28.56,26.28,1173.56,1172.94,0.000162735
3/16/2001,29.91,27.16,1150.53,1150.36,0.000221751
3/19/2001,29.78,27.82,1170.81,1170.67,0.000127338
3/20/2001,30.96,28.49,1142.62,1142.19,0.000276413
3/21/2001,31.93,28.5,1122.14,#N/A,#N/A
3/22/2001,32.84,27.67,1117.58,1117,0.000557942
3/23/2001,30.45,28.66,1139.83,1139.63,0.000288691
3/26/2001,29.04,28.94,1152.69,1152.43,0.000199949
3/27/2001,27.04,29.36,1182.17,1182.03,0.000125629
3/28/2001,28.58,30.66,1153.29,1152.87,0.000293871
3/29/2001,29.17,30.15,1147.95,1147.37,0.000243296
3/30/2001,28.64,30.3,1160.33,1158.93,0.000236101
4/2/2001,31.21,30.59,1145.87,1162.24,0.0000153
4/3/2001,34.72,32.77,1106.46,1105.27,0.000270065
4/4/2001,34.07,32.57,1103.25,1101.98,0.000365405
4/5/2001,29.94,35.96,1151.44,1149.7,0.000282907
4/6/2001,31.69,36.69,1128.43,1127.62,0.000408074
4/9/2001,31.91,35.72,1137.59,1137.04,0.000150363
4/10/2001,29.44,33.3,1168.38,1167.91,0.000156711
4/11/2001,28.46,32.78,1165.89,1165.94,0.00017043
4/12/2001,26.12,31.91,1183.5,1182.64,0.000164453
4/16/2001,26.33,31.87,1179.68,1178.51,0.000120222
4/17/2001,25.61,31.31,1191.81,1190.91,0.000176761
4/18/2001,24.13,33.48,1238.16,1211.4,0.00010556
4/19/2001,24.16,32.51,1253.7,1253.36,0.0000978
4/20/2001,25.38,32.11,1242.98,1242.49,0.000105803
4/23/2001,28.16,32.5,1224.36,1223.55,0.0000729
4/24/2001,28.49,31.79,1209.47,1209.79,0.0000983
4/25/2001,27.4,31.91,1228.75,1228.96,0.000115131
4/26/2001,25.96,30.88,1234.52,1234.86,0.0000886
4/27/2001,24.02,29.85,1253.05,1252.16,0.000100916
4/30/2001,25.48,29.84,1249.46,1249.21,0.0000795
5/1/2001,24.2,30.06,1266.44,1265.95,0.0000952
5/2/2001,24.23,29.7,1267.43,1266.82,0.000105975
5/3/2001,25.78,27.64,1248.58,1248.46,0.000123518
5/4/2001,23.91,28.07,1266.61,1266.62,0.000171396
5/7/2001,24.86,23.52,1263.51,1262.57,0.0000854
5/8/2001,24.44,22.36,1261.2,1261.03,0.0000683
5/9/2001,24.35,22.16,1255.54,1255.23,0.000124942
5/10/2001,24,20.27,1255.18,1255.56,0.000118209
5/11/2001,23.54,20.48,1245.67,1245,0.0000771
5/14/2001,24.26,19.95,1248.92,1248.49,0.000037
5/15/2001,23.71,19.93,1249.44,1248.84,0.0000963
5/16/2001,21.89,21.83,1284.99,1284.92,0.000103681
5/17/2001,21.47,17.18,1288.49,1288.91,0.0000921
5/18/2001,21.23,16.74,1291.96,1291.84,0.0000532
5/21/2001,20.76,17.41,1312.83,1312.66,0.000063
5/22/2001,21.35,16.62,1309.38,1308.71,0.0000652
5/23/2001,22.08,17.15,1289.05,1288.86,0.0000747
5/24/2001,20.57,16.36,1293.17,1292.9,0.0000713
5/25/2001,20.6,16.75,1277.89,1278.27,0.0000469
5/29/2001,22.14,16.28,1267.93,1267.9,0.0000537
5/30/2001,22.76,17.25,1248.08,1247.91,0.0000734
5/31/2001,22.64,16.71,1255.82,1255.54,0.0000717
6/1/2001,21.59,16.78,1260.67,1261.05,0.0000771
6/4/2001,21.38,16.08,1267.11,1266.85,0.0000459
6/5/2001,19.58,16.01,1283.57,1283.55,0.0000576
6/6/2001,20.39,16.46,1270.03,1269.77,0.0000827
6/7/2001,19.67,16.55,1276.96,1276.99,0.0000624
6/8/2001,19.92,16.79,1264.96,1264.88,0.0000443
6/11/2001,20.7,17.02,1254.39,1254.29,0.0000387
6/12/2001,20.7,16.77,1255.85,1255.94,0.000113947
6/13/2001,21.45,17.2,1241.6,1241.64,0.0000512
6/14/2001,23.12,18.34,1219.87,1219.67,0.0000877
6/15/2001,22.81,15.72,1214.36,1214.06,0.000170248
6/18/2001,23.17,15.78,1208.43,1208.5,0.0000815
6/19/2001,22.34,15.8,1212.58,1212.31,0.000211565
6/20/2001,21.71,15.05,1223.14,1223.07,0.0000919
6/21/2001,19.38,15.41,1237.04,1236.2,0.0000829
6/22/2001,20.02,14.81,1225.35,1224.65,0.0000678
6/25/2001,20.67,14.87,1218.6,1218.73,0.0000609
6/26/2001,21.2,14.37,1216.76,1216.69,0.000108976
6/27/2001,20.88,14.22,1211.07,1211.81,0.000102824
6/28/2001,20.01,13.69,1226.2,1225.9,0.000109262
6/29/2001,19.06,13.55,1224.42,1227.82,0.0000542
7/2/2001,18.76,13.66,1236.71,1236.28,0.0000475
7/3/2001,18.92,13.58,1234.45,1234.45,0.0000212
7/5/2001,20.09,13.84,1219.24,1219.27,0.0000538
7/6/2001,21.63,15.73,1190.59,1191.03,0.000111199
7/9/2001,22.48,15.8,1198.78,1198.26,0.0000533
7/10/2001,23.25,16.23,1181.52,1180.93,0.0000775
7/11/2001,24.01,15.98,1180.18,1180.2,0.000134375
7/12/2001,22.09,18.08,1208.14,1208.3,0.0000532
7/13/2001,21.14,17.78,1215.68,1215.42,0.0000572
7/16/2001,22.91,16.99,1202.45,1202.35,0.0000708
7/17/2001,22.61,17.21,1214.44,1214.22,0.0000771
7/18/2001,23.6,17.2,1207.71,1207.22,0.0000936
7/19/2001,22.51,17.28,1215.02,1214.31,0.000120354
7/20/2001,22.34,17.06,1210.85,1210.71,0.0000507
7/23/2001,23.74,17.74,1191.03,1191.07,0.0000924
7/24/2001,25.24,18.44,1171.65,1171.26,0.000113046
7/25/2001,24,19.28,1190.49,1190.2,0.000105677
7/26/2001,23.01,19.7,1202.93,1203.09,0.0000737
7/27/2001,22,19.65,1205.82,1205.89,0.0000563
7/30/2001,22.69,19.18,1204.52,1204.45,0.0000534
7/31/2001,21.62,19.25,1211.23,1210.83,0.0000541
8/1/2001,20.56,19.17,1215.93,1215.42,0.0000515
8/2/2001,20.09,19.2,1220.75,1220.4,0.0000512
8/3/2001,19.89,18.49,1214.35,1214.16,0.0000795
8/6/2001,21.89,16.86,1200.48,1200.47,0.0000394
8/7/2001,21.01,16.73,1204.4,1203.43,0.0000415
8/8/2001,22.32,17.08,1183.53,1183.09,0.0000822
8/9/2001,21.75,17.08,1183.43,1182.85,0.0000979
8/10/2001,20.55,14.98,1190.16,1189.93,0.000111537
8/13/2001,20.42,14.85,1191.29,1191.16,0.0000459
8/14/2001,20.48,14.43,1186.73,1186.64,0.0000608
8/15/2001,20.91,14.36,1178.02,1178.17,0.0000697
8/16/2001,21.54,14.3,1181.66,1181.36,0.00010902
8/17/2001,23.84,15.15,1161.97,1161.29,0.0000947
8/20/2001,22.87,15.34,1171.41,1170.95,0.0000416
8/21/2001,24.4,14.78,1157.26,1177.07,0.00000934
8/22/2001,22.44,13.8,1165.31,1157.82,0.0000327
8/23/2001,22.23,12.58,1162.09,1162.09,0.0000355
8/24/2001,19.71,13.64,1184.93,1184.59,0.0000786
8/27/2001,20.56,13.72,1179.21,1179.52,0.0000456
8/28/2001,22,14.62,1161.51,1161.84,0.0000782
8/29/2001,23.03,14.99,1148.6,1148.56,0.0000823
8/30/2001,25.41,16.29,1129.03,1128.89,0.000144495
8/31/2001,24.92,16.36,1133.58,1134.29,0.000124407
9/4/2001,25.85,16.3,1132.94,1132.28,0.000145382
9/5/2001,26.35,15.86,1131.74,1130.92,0.000245177
9/6/2001,28.61,17.41,1106.4,1106.03,0.000261849
9/7/2001,30.99,17.75,1085.78,1085.89,0.00026548
9/10/2001,31.84,17.92,1092.54,1092.54,0.0000557
9/17/2001,41.76,17.79,1038.77,1038.99,0.000522934
9/18/2001,38.87,26.9,1032.74,1032.38,0.0000992
9/19/2001,40.56,27.49,1016.1,1016.29,0.000429278
9/20/2001,43.74,29.45,984.54,984.82,0.000456113
9/21/2001,42.66,29.96,965.8,966.35,0.001110522
9/24/2001,37.75,31.93,1003.45,1003.04,0.000567864
9/25/2001,35.81,32.03,1012.27,1012.14,0.000176527
9/26/2001,35.26,31.79,1007.04,1006.43,0.000127862
9/27/2001,34,31.92,1018.61,1018.5,0.000182777
9/28/2001,31.93,32.62,1040.94,1039.87,0.000186986
10/1/2001,32.32,31.93,1038.55,1037.99,0.000121108
10/2/2001,31.18,32.22,1051.33,1050.55,0.000120012
10/3/2001,31.34,32.56,1072.28,1071.69,0.000227826
10/4/2001,31.97,32.34,1069.63,1069.3,0.000195459
10/5/2001,33.39,31.67,1071.38,1070.7,0.000192883
10/8/2001,35.12,31.72,1062.44,#N/A,#N/A
10/9/2001,34.83,31.77,1056.75,1056.92,0.0000918
10/10/2001,31.6,32.75,1080.99,1081.26,0.000119762
10/11/2001,31.5,32.34,1097.43,1097.03,0.000157215
10/12/2001,35.27,31.64,1091.65,1091.26,0.000345068
10/15/2001,35.31,31.55,1089.98,1089.78,0.000105061
10/16/2001,32.88,31.65,1097.54,1097.42,0.000112202
10/17/2001,35.08,25.3,1077.09,1076.57,0.000245636
10/18/2001,34.95,24.75,1068.61,1068.77,0.00012039
10/19/2001,34.11,22.24,1073.48,1072.98,0.0000754
10/22/2001,32.25,22.24,1089.9,1089.64,0.0000844
10/23/2001,32,18.59,1084.78,1084.61,0.000128868
10/24/2001,30.95,18.22,1085.2,1081.26,0.000011
10/25/2001,29.46,18.61,1100.09,1099.68,0.000282639
10/26/2001,28.42,18.24,1104.61,1104.59,0.000137043
10/29/2001,31.64,18.71,1078.3,1078.61,0.000130659
10/30/2001,33.46,19.74,1059.79,1059.53,0.00016803
10/31/2001,33.56,19.22,1059.78,1059.89,0.000154328
11/1/2001,32.31,19.52,1084.1,1083.59,0.000196388
11/2/2001,30.71,19.55,1087.2,1087.01,0.000133764
11/5/2001,30.5,20.09,1102.84,1102.5,0.000137005
11/6/2001,28.8,20.66,1118.86,1118.62,0.000131085
11/7/2001,29.13,20.59,1115.8,1115.8,0.000064
11/8/2001,28.62,19.02,1118.54,1118.6,0.0001437
11/9/2001,27.44,18.33,1120.31,1119.96,0.000124821
11/12/2001,29.35,18.25,1118.33,1118.12,0.000334863
11/13/2001,26.47,19.31,1139.09,1138.92,0.000116444
11/14/2001,26.56,19.15,1141.21,1141.21,0.0000525
11/15/2001,25.56,17.93,1142.24,1141.23,0.0000843
11/16/2001,25.07,17.79,1138.65,1138.13,0.0000765
11/19/2001,24.46,18.12,1151.06,1150.64,0.0000521
11/20/2001,24.12,17.36,1142.66,1142.64,0.0000644
11/21/2001,24.19,17.39,1137.03,1136.85,0.0000633
11/23/2001,23.25,18.01,1150.34,1150.34,0.0000197
11/26/2001,23.79,17.57,1157.42,1157.21,0.0000546
11/27/2001,24,17.64,1149.5,1149.31,0.000154321
11/28/2001,25.9,17.04,1128.52,1128.7,0.00012167
11/29/2001,25.18,16.2,1140.2,1139.67,0.0000854
11/30/2001,23.84,16.2,1139.45,1139.37,0.0000473
12/3/2001,25.77,14.55,1129.9,1129.49,0.00010243
12/4/2001,24.08,15.22,1144.8,1144.62,0.0000427
12/5/2001,23.02,16.53,1170.35,1170.6,0.0000899
12/6/2001,23.71,15.65,1167.1,1166.95,0.0000548
12/7/2001,23.49,15.82,1158.31,1157.61,0.0000772
12/10/2001,25.62,16.85,1139.93,1139.99,0.0000612
12/11/2001,25.3,16.86,1136.76,1136.39,0.0000613
12/12/2001,24.87,16.85,1137.07,1136.46,0.000086
12/13/2001,25.91,16.64,1119.38,1118.54,0.00011919
12/14/2001,24.63,16.73,1123.09,1123.45,0.0000798
12/17/2001,24.26,16.99,1134.36,1134.29,0.0000531
12/18/2001,23.29,17.25,1142.92,1142.96,0.0000677
12/19/2001,22.58,16.98,1149.56,1149.62,0.0000787
12/20/2001,23.67,17.08,1139.93,1140.35,0.000039
12/21/2001,22.5,17.02,1144.89,1145.65,0.0000501
12/24/2001,22.62,16.36,1144.65,1144.65,0.00000659
12/26/2001,22.29,16.37,1149.37,1150.57,0.0000413
12/27/2001,21.59,16.28,1157.13,1156.68,0.0000236
12/28/2001,21.4,14.93,1161.02,1160.33,0.0000318
12/31/2001,23.8,15.06,1148.08,1148.04,0.000038
1/2/2002,22.71,15.18,1154.67,1153.93,0.0000934
1/3/2002,21.34,15.35,1165.27,1164.93,0.0000467
1/4/2002,20.45,14.76,1172.51,1172.25,0.0000947
1/7/2002,21.94,12.59,1164.89,1164.27,0.000043
1/8/2002,21.83,12.62,1160.71,1160.14,0.0000547
1/9/2002,22.13,12.49,1155.14,1154.8,0.0000901
1/10/2002,22.36,11.04,1156.55,1156.5,0.0000495
1/11/2002,22.6,11.55,1145.6,1145.57,0.0000595
1/14/2002,23.58,11.72,1138.41,1138.41,0.0000362
1/15/2002,22.7,10.49,1146.19,1146.28,0.0000617
1/16/2002,23.45,11.7,1127.57,1127.68,0.0000779
1/17/2002,22.25,11.72,1138.88,1132.62,0.0000351
1/18/2002,22.52,11.76,1127.58,1127.58,0.0000286
1/22/2002,23.61,11.86,1119.31,1119.34,0.0000584
1/23/2002,21.88,11.85,1128.19,1128.21,0.0000559
1/24/2002,21.15,11.81,1132.16,1131.98,0.000054
1/25/2002,21.01,11.81,1133.28,1132.91,0.0000492
1/28/2002,21.14,11.69,1133.06,1133.06,0.0000099
1/29/2002,24.35,15.3,1100.64,1101.18,0.000108718
1/30/2002,23.22,15.72,1113.57,1113.41,0.000295103
1/31/2002,21.09,15.97,1130.21,1129.17,0.0000791
2/1/2002,21.12,15.97,1122.2,1123.14,0.0000308
2/4/2002,24.87,18,1094.44,1093.79,0.000104466
2/5/2002,25.45,17.94,1090.02,1089.54,0.000185489
2/6/2002,26.09,17.91,1083.51,1083.5,0.000165203
2/7/2002,25.11,17.93,1080.17,1079.96,0.000128669
2/8/2002,23.26,18.64,1096.22,1096.27,0.000104978
2/11/2002,21.78,19.32,1111.94,1111.91,0.0000447
2/12/2002,21.62,19.06,1107.5,1107.34,0.0000634
2/13/2002,20.85,19.23,1118.51,1118.03,0.0000672
2/14/2002,21.77,19.09,1116.48,1116.17,0.000067
2/15/2002,22.37,18.58,1104.18,1104.3,0.0000817
2/19/2002,24.43,19.61,1083.34,1083.18,0.000109392
2/20/2002,22.66,19.99,1097.98,1098.11,0.000103263
2/21/2002,23.8,20.58,1080.95,1081.41,0.000114098
2/22/2002,22.86,20.57,1089.84,1089.36,0.000154072
2/25/2002,21.84,21.54,1109.44,1109.75,0.0000773
2/26/2002,21.68,21.54,1109.38,1109.25,0.000113881
2/27/2002,21.49,21.55,1109.89,1109.77,0.000116724
2/28/2002,21.59,19.13,1106.73,1106.95,0.000100844
3/1/2002,19.96,20.27,1131.78,1131.49,0.000092
3/4/2002,20.5,20.81,1153.84,1153.55,0.0000773
3/5/2002,20.3,20.84,1146.14,1146.58,0.000112523
3/6/2002,19.94,19.34,1162.77,1162.68,0.0000619
3/7/2002,20.04,19.37,1157.54,1157.43,0.0001045
3/8/2002,19.27,19.41,1164.31,1164.18,0.000112354
3/11/2002,19.84,19.39,1168.26,1168.02,0.0000402
3/12/2002,19.59,18.64,1165.58,1165.29,0.000184765
3/13/2002,19.46,18.22,1154.09,1153.96,0.000061
3/14/2002,19.2,18.15,1153.04,1153.15,0.0000308
3/15/2002,18.42,18.3,1166.16,1165.93,0.0000465
3/18/2002,18.93,18.28,1165.55,1165.26,0.0000509
3/19/2002,18.16,18.04,1170.29,1169.7,0.000058
3/20/2002,18.46,17.48,1151.85,1151.75,0.000084
3/21/2002,18.15,16.75,1153.59,1153.77,0.0000619
3/22/2002,17.77,15.93,1148.7,1148.41,0.0000629
3/25/2002,18.48,16.4,1131.87,1132.24,0.0000471
3/26/2002,18.13,15.17,1138.49,1138.39,0.0000866
3/27/2002,17.7,15.28,1144.58,1144.86,0.0000458
3/28/2002,17.4,15.28,1147.39,1147.26,0.000046
4/1/2002,18.73,15.24,1146.55,1146.29,0.0000671
4/2/2002,19.16,13.42,1136.77,1137.01,0.0000606
4/3/2002,20.2,12.29,1125.4,1124.78,0.0000571
4/4/2002,19.78,12.09,1126.34,1126.24,0.0000543
4/5/2002,19.13,11.17,1122.73,1122.72,0.0000548
4/8/2002,19.61,11.06,1125.29,1125.19,0.000124847
4/9/2002,19.47,11.09,1117.8,1117.46,0.0000449
4/10/2002,18.19,11.76,1130.46,1130.29,0.0000539
4/11/2002,20.3,14.19,1103.69,1106.58,0.0000986
4/12/2002,19.42,13.9,1111.01,1110.41,0.00007
4/15/2002,19.82,14.06,1102.55,1102.74,0.0000711
4/16/2002,18.11,15.58,1128.37,1128.21,0.000132493
4/17/2002,18.43,15.58,1126.07,1126.38,0.0000364
4/18/2002,19.29,15.52,1124.47,1124.71,0.000176704
4/19/2002,18.3,14.56,1125.17,1124.71,0.0000267
4/22/2002,19.77,15.34,1107.83,1108.08,0.0000349
4/23/2002,20.28,15.43,1100.96,1100.55,0.0000712
4/24/2002,20.77,14.92,1093.14,1093.29,0.0000642
4/25/2002,20.95,14.83,1091.48,1091.59,0.0000749
4/26/2002,22.14,15.47,1076.32,1076.67,0.000082
4/29/2002,24.05,15.86,1065.46,1065.44,0.0000812
4/30/2002,21.91,16.27,1076.92,1076.8,0.0000882
5/1/2002,20.06,16.32,1086.46,1085.86,0.000108667
5/2/2002,20.07,15.79,1084.56,1083.96,0.0000894
5/3/2002,20.19,16.17,1073.43,1072.99,0.0000822
5/6/2002,22.56,17.48,1052.67,1052.92,0.0000798
5/7/2002,21.94,17.5,1049.49,1049.31,0.000109587
5/8/2002,20.39,21.43,1088.85,1088.71,0.000188808
5/9/2002,21.56,21.58,1073.01,1072.68,0.000130465
5/10/2002,22.41,20.78,1054.99,1055.29,0.0000947
5/13/2002,20.72,21.56,1074.56,1074.25,0.0000704
5/14/2002,19.35,22.64,1097.28,1097.15,0.000154336
5/15/2002,19.19,21.33,1091.07,1090.88,0.000132946
5/16/2002,18.5,21.43,1098.23,1098.21,0.0000551
5/17/2002,17.7,21.59,1106.59,1106.16,0.0000604
5/20/2002,19.24,22.04,1091.88,1092,0.0000625
5/21/2002,20.05,21.83,1079.88,1080.19,0.0000699
5/22/2002,19.58,21.76,1086.02,1085.88,0.000087
5/23/2002,18.23,21.89,1097.08,1096.68,0.0000647
5/24/2002,18.9,22.27,1083.82,1083.67,0.0000448
5/28/2002,20.31,21.9,1074.55,1074.63,0.0000598
5/29/2002,20.39,21.76,1067.66,1067.81,0.0000438
5/30/2002,20.61,21.47,1064.66,1065.11,0.000119061
5/31/2002,19.98,21.3,1067.14,1067.44,0.0000549
6/3/2002,23.37,23.48,1040.68,1040.08,0.000133848
6/4/2002,23.89,23.23,1040.69,1039.5,0.000195256
6/5/2002,22.61,22.46,1049.9,1049.76,0.0000763
6/6/2002,24.16,23.45,1029.15,1028.26,0.000099
6/7/2002,23.51,19.81,1027.53,1027.18,0.00022565
6/10/2002,23.72,19.22,1030.74,1030.45,0.000107566
6/11/2002,24.45,19.27,1013.6,1013.02,0.00011509
6/12/2002,24.15,18.47,1020.26,1021.41,0.000231193
6/13/2002,25.02,17.39,1009.56,1008.95,0.000119206
6/14/2002,25.96,17.31,1007.28,1007.36,0.000370529
6/17/2002,24.64,19.75,1036.17,1035.81,0.00013259
6/18/2002,24.24,19.58,1037.14,1036.66,0.0000968
6/19/2002,26.06,19.86,1019.99,1019.93,0.000123888
6/20/2002,27.48,20.04,1006.29,1006.53,0.000131829
6/21/2002,27.23,20.82,989.14,988.98,0.000144527
6/24/2002,26.98,20.59,992.72,992.79,0.000255942
6/25/2002,27.84,21.05,976.14,976,0.000242793
6/26/2002,28.42,20.93,973.53,973.68,0.000565435
6/27/2002,26.29,21.7,990.64,990.15,0.000311274
6/28/2002,25.4,21.69,989.81,989.87,0.000125327
7/1/2002,27.11,22.92,968.65,967.63,0.000147917
7/2/2002,28.96,21.84,948.09,947.86,0.000260685
7/3/2002,29.42,21.9,953.99,953.9,0.000214611
7/5/2002,27.11,25.29,989.03,989.03,0.000143414
7/8/2002,28.25,24.79,976.98,976.87,0.000181957
7/9/2002,30.22,26.29,952.83,952.31,0.00020235
7/10/2002,34.1,29.03,920.47,920.35,0.000333697
7/11/2002,33.85,28.65,927.37,927.65,0.000626298
7/12/2002,32.94,28.7,921.39,920.62,0.000376809
7/15/2002,35.03,28.49,917.93,917.25,0.000552499
7/16/2002,36.65,29.1,901.05,901.14,0.00053362
7/17/2002,35.45,27.49,906.04,905.54,0.000755459
7/18/2002,35.12,29.41,881.56,880.67,0.000268593
7/19/2002,38.17,32.01,847.76,845.37,0.000462696
7/22/2002,41.87,33.37,819.85,819.53,0.001064075
7/23/2002,44.92,34.22,797.7,796.81,0.000832271
7/24/2002,39.86,39.7,843.42,844.11,0.001330317
7/25/2002,39.27,39.35,838.68,838.52,0.001156383
7/26/2002,35.51,39.83,852.84,852.55,0.000420142
7/29/2002,31.33,43.1,898.96,898.53,0.000435861
7/30/2002,31.92,43.15,902.78,902.89,0.000476223
7/31/2002,32.03,42.59,911.62,910.53,0.000309529
8/1/2002,36.95,43.6,884.66,883.18,0.000319177
8/2/2002,41.29,44.12,864.24,863.66,0.000318916
8/5/2002,45.08,43.87,834.6,834.06,0.000244432
8/6/2002,42.03,45.02,859.57,860.17,0.000558702
8/7/2002,38.73,44.63,876.77,876.96,0.000575398
8/8/2002,36.33,44.29,905.46,905.63,0.000288333
8/9/2002,35.33,44.18,908.64,908.68,0.000310478
8/12/2002,37.05,44.14,903.8,903.36,0.00033873
8/13/2002,35.82,44.72,884.21,883.68,0.00029343
8/14/2002,32.36,46.3,919.62,919.66,0.0003603
8/15/2002,29.43,46.44,930.25,929.85,0.000394936
8/16/2002,28.81,45.25,928.77,928.77,0.0000637
8/19/2002,28.61,43.82,950.72,950.4,0.000115228
8/20/2002,29.59,42.77,937.43,937.06,0.000186653
8/21/2002,28.23,41.89,949.36,949.11,0.000297171
8/22/2002,27.75,37.05,962.7,962.71,0.00016168
8/23/2002,29.32,37.78,940.86,940.54,0.000156564
8/26/2002,29.89,37.33,947.95,947.87,0.000148696
8/27/2002,30.11,33.25,934.82,933.96,0.000252825
8/28/2002,33.32,33.79,917.87,917.34,0.000175648
8/29/2002,33.67,33.67,917.8,917.77,0.000359477
8/30/2002,32.64,31.59,916.07,915.63,0.000211809
9/3/2002,39.97,34.22,878.02,877.68,0.000381887
9/4/2002,37.44,32.48,893.41,892.38,0.000145431
9/5/2002,38.86,30.88,879.15,878.79,0.000331726
9/6/2002,36.33,30.62,893.92,893.21,0.000272753
9/9/2002,36.45,28.84,902.96,902.9,0.000179889
9/10/2002,35.08,28.96,909.58,909.58,0.000074
9/11/2002,34.81,28.9,909.45,909.45,0.000138732
9/12/2002,37.5,29.13,886.91,886.61,0.000142311
9/13/2002,35.82,25.89,889.81,889.15,0.000234988
9/16/2002,36.74,25.58,891.1,890.61,0.000115567
9/17/2002,38.01,26.43,873.52,873.18,0.000224676
9/18/2002,37.52,25.27,869.46,869.43,0.000262099
9/19/2002,40.65,27.13,843.32,843.32,0.000300344
9/20/2002,38.98,26.84,845.39,844.96,0.000173426
9/23/2002,39.68,26.78,833.7,833.74,0.000273042
9/24/2002,40.52,26.28,819.29,819.21,0.000465079
9/25/2002,37.33,27.45,839.66,839.19,0.000319845
9/26/2002,34.6,27.92,854.95,854.79,0.00025856
9/27/2002,36.97,29.72,827.37,826.9,0.000238348
9/30/2002,39.69,30.23,815.28,814.14,0.000647682
10/1/2002,34.12,33.32,847.91,847.24,0.000377659
10/2/2002,36.83,30.81,827.91,827.9,0.000244271
10/3/2002,37.31,30.58,818.95,818.4,0.000447619
10/4/2002,39.46,31.07,800.58,800.23,0.000761755
10/7/2002,42.64,31.36,785.28,785.46,0.000357024
10/8/2002,41.02,31.53,798.55,798.24,0.000670671
10/9/2002,42.13,32.77,776.76,776.66,0.000633725
10/10/2002,37.55,34.81,803.92,803.47,0.000489092
10/11/2002,35.7,36.44,835.32,834.8,0.000480659
10/14/2002,36.04,36.52,841.44,840.99,0.000253229
10/15/2002,34.02,39.95,881.27,880.86,0.000438127
10/16/2002,36,40.31,860.02,860.05,0.00019947
10/17/2002,34.1,40.94,879.2,878.96,0.000610046
10/18/2002,33.53,39.52,884.39,883.98,0.000276661
10/21/2002,33.11,39.99,899.72,899.58,0.000212964
10/22/2002,34.09,39.89,890.16,890.16,0.000076
10/23/2002,33.2,39.5,896.14,896,0.000257363
10/24/2002,34.03,38.98,882.5,882.28,0.000242368
10/25/2002,30,38.74,897.65,897.28,0.000209624
10/28/2002,31.07,36.88,890.23,890.12,0.000190116
10/29/2002,32.27,36.63,882.15,882.32,0.000312781
10/30/2002,31.23,33.97,890.71,890.53,0.000185595
10/31/2002,31.14,33.12,885.76,#N/A,#N/A
11/1/2002,29.3,33.44,900.96,901.2,0.000230683
11/4/2002,30.82,32.74,908.35,907.64,0.000142402
11/5/2002,31.23,32.2,915.39,915.11,0.0000958
11/6/2002,30.73,31.9,923.76,923.46,0.000345974
11/7/2002,31.42,31.54,902.65,901.82,0.00018928
11/8/2002,29.41,29.4,894.74,894.39,0.000173192
11/11/2002,31.3,26.98,876.19,876.31,0.000124738
11/12/2002,30.58,26.96,882.95,882.96,0.000148991
11/13/2002,31.24,21.54,882.53,882.25,0.000262577
11/14/2002,28.67,21.51,904.27,904.18,0.000157047
11/15/2002,26.65,20.31,909.83,909.61,0.000184524
11/18/2002,27.66,20.54,900.36,900.19,0.000139436
11/19/2002,27.41,19.63,896.74,896.79,0.000119874
11/20/2002,25.32,20.35,914.15,903.47,0.0000502
11/21/2002,23.81,21.52,933.76,934.01,0.000139638
11/22/2002,23.16,20.9,930.55,930.79,0.0000901
11/25/2002,24.07,20.19,932.88,933.41,0.0000901
11/26/2002,25.97,21.43,913.31,913.69,0.0000873
11/27/2002,27.25,23.18,938.87,938.63,0.000105714
11/29/2002,27.5,22.99,936.31,936.31,0.0000422
12/2/2002,27.46,22.91,934.53,933.76,0.000279057
12/3/2002,28.33,22.55,920.75,920.23,0.000128807
12/4/2002,28.92,22.43,917.57,917.53,0.000198931
12/5/2002,30.1,22.68,906.55,906.4,0.0000973
12/6/2002,28.88,22.64,912.23,912,0.000227292
12/9/2002,30.78,22.64,892,892.13,0.000126467
12/10/2002,28.76,22.97,904.45,904.22,0.0000895
12/11/2002,27.76,21.93,904.96,905.08,0.0001294
12/12/2002,27.29,21.84,901.59,901.38,0.000122402
12/13/2002,28.18,22.36,889.48,889.4,0.000178574
12/16/2002,26.24,22.32,910.4,910.15,0.0000702
12/17/2002,26.66,22.38,902.99,903.06,0.0000744
12/18/2002,28.29,22.59,891.12,891.07,0.000110923
12/19/2002,30.21,22.7,884.25,884.21,0.000116272
12/20/2002,26.71,22.1,895.75,895.52,0.000121511
12/23/2002,26.2,20.84,897.38,897.56,0.0000685
12/24/2002,26.49,20.91,892.47,892.47,0.0000183
12/26/2002,27.37,20.94,889.66,889.09,0.0000871
12/27/2002,29.55,20.3,875.4,875.16,0.0000872
12/30/2002,29.62,18.03,879.39,879.08,0.0000827
12/31/2002,28.62,18.01,879.82,879.69,0.000120133
1/2/2003,25.39,21.27,909.03,908.7,0.000223268
1/3/2003,24.68,20.74,908.59,908.28,0.0000974
1/6/2003,24.91,22.15,929.01,927.05,0.0000677
1/7/2003,25.13,21.84,922.93,922.81,0.000112705
1/8/2003,25.53,22.28,909.93,909.43,0.000126501
1/9/2003,24.25,21.82,927.58,927.11,0.0000975
1/10/2003,24.32,21.28,927.57,927.26,0.000160175
1/13/2003,24.9,21.29,926.26,926.15,0.000100691
1/14/2003,24.57,21.35,931.66,931.52,0.0000622
1/15/2003,25.51,21.36,918.22,918.08,0.0000676
1/16/2003,25.01,19.71,914.6,914.78,0.0000944
1/17/2003,25.7,20.09,901.78,#N/A,#N/A
1/21/2003,27.59,20.35,887.62,#N/A,#N/A
1/22/2003,29.01,20.52,878.36,877.96,0.0000986
1/23/2003,27.53,20.44,887.34,887.62,0.000112935
1/24/2003,31.51,23.11,861.4,861.19,0.000155155
1/27/2003,34.69,23.59,847.48,847.01,0.000243517
1/28/2003,31.93,23.93,858.54,858.41,0.00012317
1/29/2003,31.26,23.46,864.36,864.57,0.00022538
1/30/2003,31.32,24.79,844.61,844.53,0.000134152
1/31/2003,31.17,25.15,855.7,855.33,0.000159571
2/3/2003,31.02,22.51,860.32,859.83,0.000114973
2/4/2003,32.76,23.03,848.2,848.24,0.000200852
2/5/2003,33.04,21.74,843.59,843.23,0.000180683
2/6/2003,33.35,21.69,838.15,838.37,0.000192513
2/7/2003,34.01,21.43,829.69,829.44,0.000166611
2/10/2003,33.99,20.57,835.97,835.7,0.000130397
2/11/2003,33.68,20.79,829.2,828.87,0.0000896
2/12/2003,34.33,21.25,818.68,818.49,0.000110516
2/13/2003,33.7,21.16,817.37,816.95,0.000191091
2/14/2003,32.62,21.99,834.89,834.33,0.000188859
2/18/2003,31.11,22.9,851.17,850.99,0.000135384
2/19/2003,31.31,22.57,845.13,844.75,0.0000824
2/20/2003,31.16,22.07,837.1,836.8,0.0000779
2/21/2003,30.25,22.3,848.17,848.57,0.000152147
2/24/2003,31.98,22.91,832.58,832.47,0.0000864
2/25/2003,31.74,20.31,838.57,838.54,0.000209683
2/26/2003,31.94,20.19,827.55,827.22,0.000114828
2/27/2003,30.53,20.09,837.28,837.03,0.000185225
2/28/2003,29.63,19.98,841.15,841.42,0.000104062
3/3/2003,30.43,18.44,834.81,834.6,0.000130776
3/4/2003,31.83,18.57,821.99,822.14,0.0000522
3/5/2003,30.38,18.65,829.85,829.61,0.000125912
3/6/2003,31.37,18.22,822.1,822.24,0.000173363
3/7/2003,31.08,18.29,828.89,828.68,0.000314152
3/10/2003,33.31,20.32,807.48,807.51,0.0000807
3/11/2003,33.61,20.14,800.73,800.54,0.000124754
3/12/2003,33.51,19.99,804.19,803.84,0.000180375
3/13/2003,31.76,23.17,831.9,831.87,0.00024426
3/14/2003,30.98,22.74,833.27,832.93,0.000250996
3/17/2003,31.75,25.68,862.79,862.68,0.00036216
3/18/2003,30.43,24.54,866.45,866.12,0.000181855
3/19/2003,31.54,23.84,874.02,873.9,0.000148008
3/20/2003,30.44,23.72,875.67,875.58,0.000188681
3/21/2003,28.67,24.72,895.79,895.53,0.000176045
3/24/2003,30.39,27.33,864.23,864.36,0.000270907
3/25/2003,28.75,26.91,874.74,874.71,0.000143872
3/26/2003,28.23,26.91,869.95,870.08,0.000103642
3/27/2003,27.96,26.51,868.52,868.35,0.000133797
3/28/2003,27.75,26.33,863.5,863.6,0.00011746
3/31/2003,29.15,27.03,848.18,847.87,0.000249251
4/1/2003,28.36,27.26,858.48,858.45,0.000129218
4/2/2003,28.02,28.32,880.9,880.95,0.000312959
4/3/2003,28.21,28.27,876.45,876.17,0.0000725
4/4/2003,29.13,28.16,878.85,878.64,0.000154789
4/7/2003,28.45,28.05,879.93,879.78,0.000345393
4/8/2003,27.13,26.54,878.29,878.19,0.000119796
4/9/2003,27.11,26.91,865.99,865.88,0.000157998
4/10/2003,25.6,26.96,871.58,871.57,0.0000556
4/11/2003,24.44,24.11,868.3,868.4,0.000174054
4/14/2003,23.41,24.98,885.23,885.04,0.0000876
4/15/2003,22.56,22.05,890.81,890.78,0.0000671
4/16/2003,22.52,22.42,879.91,879.88,0.000132532
4/17/2003,21.5,22.86,893.58,893.52,0.000055
4/21/2003,21.95,22.84,892.01,892.09,0.0000927
4/22/2003,20.7,22.77,911.37,910.02,0.0000988
4/23/2003,20.8,19.15,919.02,918.9,0.0000565
4/24/2003,20.33,18.88,911.43,913.22,0.0000687
4/25/2003,20.8,19.38,898.81,898.51,0.0000717
4/28/2003,20.84,20.39,914.84,914.82,0.0000642
4/29/2003,20.76,20.32,917.84,918.04,0.000120851
4/30/2003,21.21,19.3,916.92,915.98,0.000109871
5/1/2003,21.59,18.78,916.3,916.11,0.000105378
5/2/2003,20.63,17.33,930.08,929.84,0.000101411
5/5/2003,21.13,17.27,926.55,926.46,0.0000823
5/6/2003,20.8,17.5,934.39,934.4,0.0000842
5/7/2003,21,17.58,929.62,929.47,0.000087
5/8/2003,21.24,17.97,920.27,920.04,0.000119334
5/9/2003,19.69,17.93,933.41,933.27,0.0000523
5/12/2003,19.52,18.34,945.11,944.89,0.0000522
5/13/2003,19.91,18.36,942.3,942.21,0.0000672
5/14/2003,20,17.18,939.28,939.33,0.0000728
5/15/2003,19.24,17.23,946.67,946.57,0.000078
5/16/2003,18.4,16.7,944.3,944.29,0.000058
5/19/2003,20.51,18,920.77,920.74,0.0000745
5/20/2003,21.29,18.01,919.73,919.96,0.000110968
5/21/2003,21.21,16.41,923.42,923.23,0.000102079
5/22/2003,19.78,16.53,931.87,931.94,0.0000719
5/23/2003,19.17,16.28,933.22,932.98,0.000035
5/27/2003,19.99,17.05,951.48,951.53,0.0000794
5/28/2003,20.03,15.83,953.22,953.41,0.0000684
5/29/2003,20.43,15.86,949.64,949.22,0.0000925
5/30/2003,19.47,16.73,963.59,963.82,0.000071
6/2/2003,20.85,16.76,967,966.78,0.000101401
6/3/2003,20.84,15.97,971.56,971.46,0.0000809
6/4/2003,20.62,16.64,986.24,985.97,0.0000724
6/5/2003,20.83,16.43,990.14,989.85,0.0000786
6/6/2003,21.25,16.37,987.76,987.3,0.000194789
6/9/2003,22.15,16.45,975.93,975.85,0.0000593
6/10/2003,20.64,16.01,984.84,984.67,0.0000737
6/11/2003,20.21,15.98,997.48,997.21,0.000061
6/12/2003,20.41,15.95,998.51,998.71,0.0000928
6/13/2003,20.66,16.35,988.61,988.4,0.0000873
6/16/2003,20.22,17.83,1010.74,1010.13,0.0000748
6/17/2003,20.01,17.82,1011.66,1011.29,0.0000623
6/18/2003,19.76,15.6,1010.09,1009.77,0.0000606
6/19/2003,19.8,16.45,994.7,994.5,0.0000794
6/20/2003,19.14,16.42,995.69,995.81,0.0000693
6/23/2003,20.58,16.81,981.64,981.49,0.0000561
6/24/2003,20.75,16.84,983.45,983.76,0.0000579
6/25/2003,20.81,15.53,975.32,975.93,0.000130849
6/26/2003,19.4,15.92,985.82,985.76,0.0000734
6/27/2003,19.16,16.24,976.22,976.29,0.0000744
6/30/2003,19.52,15.34,974.5,974.87,0.000102731
7/1/2003,19.46,15.52,982.32,982.29,0.000114204
7/2/2003,19.03,15.86,993.75,993.24,0.0000483
7/3/2003,19.39,15.43,985.7,985.7,0.000122967
7/7/2003,20.06,16.92,1004.42,1004.21,0.000129592
7/8/2003,19.48,16.91,1007.84,1007.63,0.000052
7/9/2003,18.93,16.5,1002.21,1002.24,0.000077
7/10/2003,19.19,16.88,988.7,988.72,0.0000847
7/11/2003,18.47,16.67,998.14,998.28,0.0000642
7/14/2003,19.59,16.79,1003.86,1003.94,0.00013855
7/15/2003,19.55,16.42,1000.42,1000.2,0.000125081
7/16/2003,19.76,14.74,994,994,0.0000636
7/17/2003,20.22,15.33,981.73,982,0.000102529
7/18/2003,19.11,15.74,993.32,992.57,0.000076
7/21/2003,19.78,15.56,978.8,978.64,0.0000704
7/22/2003,19.17,15.84,988.11,987.87,0.0000904
7/23/2003,18.64,15.04,988.61,988.59,0.0000464
7/24/2003,18.6,15.19,981.6,981.57,0.000108939
7/25/2003,17.75,16.08,998.68,998.63,0.000085
7/28/2003,18.36,15.7,996.52,996.67,0.000087
7/29/2003,18.67,15.51,989.28,989.26,0.000133574
7/30/2003,18.85,15.51,987.49,987.46,0.0000527
7/31/2003,19.49,15.32,990.31,990.03,0.000167368
8/1/2003,20.75,15.28,980.15,980.06,0.0000814
8/4/2003,21.27,14.98,982.82,982.73,0.00012567
8/5/2003,22.68,14.55,965.46,965.3,0.00014379
8/6/2003,21.5,14.53,967.08,967.14,0.0000957
8/7/2003,20.26,14.61,974.12,974.06,0.0000679
8/8/2003,19.59,13.86,977.59,977.74,0.0000625
8/11/2003,19.75,13.46,980.59,980.47,0.0000528
8/12/2003,17.94,13.76,990.35,990.29,0.000057
8/13/2003,18.77,13.9,984.03,983.69,0.000039
8/14/2003,18.47,13.91,990.51,990.29,0.0000635
8/15/2003,18.27,13.25,990.67,990.67,0.0000146
8/18/2003,18.18,13.17,999.74,999.92,0.0000329
8/19/2003,17.86,12.36,1002.35,1002.6,0.0000434
8/20/2003,17.82,12.01,1000.3,1000.27,0.000034
8/21/2003,17.84,12.06,1003.28,1003.41,0.0000727
8/22/2003,18.55,12.34,993.06,992.73,0.0000863
8/25/2003,19.53,10.82,993.71,993.31,0.0000342
8/26/2003,19.49,10.85,996.73,996.91,0.0000749
8/27/2003,19.13,10.56,996.79,997.15,0.0000188
8/28/2003,18.48,10.73,1002.84,1003.39,0.0000504
8/29/2003,18.63,10.88,1008.01,1008.04,0.0000523
9/2/2003,19.02,11.29,1021.99,1022.29,0.0000779
9/3/2003,19.44,11.33,1026.27,1026.11,0.0000523
9/4/2003,18.71,9.55,1027.97,1028.04,0.0000287
9/5/2003,18.17,9.83,1021.39,1020.92,0.0000525
9/8/2003,18.26,10.16,1031.64,1031.68,0.0000414
9/9/2003,18.85,10.4,1023.17,1023.28,0.0000457
9/10/2003,20.01,11.2,1010.92,1010.74,0.0000475
9/11/2003,19.25,10.82,1016.42,1016.19,0.0000533
9/12/2003,18.68,10.57,1018.63,1018.51,0.0000484
9/15/2003,19.28,10.41,1014.81,1014.64,0.0000287
9/16/2003,18.03,11.51,1029.32,1029.13,0.0000317
9/17/2003,18.15,11.09,1025.97,1025.9,0.0000317
9/18/2003,17.57,11.99,1039.58,1039.39,0.0000311
9/19/2003,17.54,12.02,1036.3,1036.26,0.0000293
9/22/2003,19.65,12.8,1022.82,1022.38,0.000121358
9/23/2003,19.47,12.46,1029.03,1028.87,0.0000464
9/24/2003,21.22,14.09,1009.38,1009.23,0.0000542
9/25/2003,22.26,14.17,1003.27,1003.35,0.0000721
9/26/2003,22.23,14.33,996.85,997,0.000102449
9/29/2003,21.67,14.49,1006.58,1006.31,0.000056
9/30/2003,22.72,14.73,995.97,996.14,0.000122861
10/1/2003,21.07,15.61,1018.22,1017.5,0.0000699
10/2/2003,20.8,15.59,1020.24,1020.08,0.0000546
10/3/2003,19.5,15.96,1029.85,1030.15,0.000149192
10/6/2003,19.51,15.84,1034.35,1034.18,0.0000203
10/7/2003,19.41,15.54,1039.25,1038.92,0.0000597
10/8/2003,19.18,15.41,1033.78,1033.61,0.0000364
10/9/2003,18.82,14.87,1038.73,1038.43,0.0000952
10/10/2003,18.45,14.74,1038.06,1038.59,0.0000257
10/13/2003,17.55,14.92,1045.35,1045.27,0.0000391
10/14/2003,17.37,14.94,1049.48,1049.34,0.0000302
10/15/2003,17.69,14.15,1046.76,1047.91,0.0000192
10/16/2003,17.19,14.14,1050.07,1050.07,0.0000225
10/17/2003,17.62,13.83,1039.32,1038.96,0.0000422
10/20/2003,17.04,13.89,1044.68,1044.36,0.0000371
10/21/2003,16.55,13.15,1046.03,1045.81,0.0000351
10/22/2003,17.67,13.94,1030.36,1030.57,0.000105896
10/23/2003,17.68,12.33,1033.77,1033.43,0.000066
10/24/2003,17.71,12.31,1028.91,1028.89,0.0000672
10/27/2003,18.05,12.16,1031.13,1030.9,0.0000377
10/28/2003,16.82,12.98,1046.79,1046.26,0.0000466
10/29/2003,16.43,12.55,1048.11,1048.32,0.0000481
10/30/2003,16.33,10.45,1046.94,1046.63,0.0000641
10/31/2003,16.1,10.48,1050.71,1050.17,0.0000384
11/3/2003,16.55,10.3,1059.02,1058.74,0.000041
11/4/2003,16.55,10.38,1053.25,1053.17,0.0000348
11/5/2003,16.86,10.27,1051.81,1051.8,0.0000567
11/6/2003,16.74,10.35,1058.05,1057.75,0.0000368
11/7/2003,16.93,10.37,1053.21,1053.33,0.0000474
11/10/2003,17.62,10.61,1047.11,1046.77,0.0000242
11/11/2003,17.54,10.34,1046.57,1046.25,0.0000192
11/12/2003,16.75,11.05,1058.56,1058.6,0.0000244
11/13/2003,16.47,11.01,1058.41,1058.37,0.0000341
11/14/2003,16.94,11.28,1050.35,1050.07,0.0000451
11/17/2003,18.6,10.93,1043.63,1043.22,0.0000663
11/18/2003,19.11,11.25,1034.15,1034.09,0.000055
11/19/2003,18.8,11.61,1042.44,1042.47,0.0000378
11/20/2003,19.48,10.72,1033.65,1033.8,0.0000762
11/21/2003,18.98,10.68,1035.28,1035,0.0000546
11/24/2003,17.44,11.85,1052.08,1051.97,0.0000598
11/25/2003,16.71,11.86,1053.89,1054.21,0.0000284
11/26/2003,16.23,10.6,1058.45,1058.12,0.0000319
11/28/2003,16.32,10.59,1058.2,1058.2,0.00000647
12/1/2003,16.77,11.19,1070.12,1069.93,0.0000454
12/2/2003,16.27,11.16,1066.62,1066.34,0.0000254
12/3/2003,16.63,10.78,1064.73,1064.8,0.0000465
12/4/2003,16.3,10.73,1069.72,1070.18,0.000033
12/5/2003,17.09,11.02,1061.5,1061.64,0.0000443
12/8/2003,16.54,11.04,1069.3,1069.03,0.0000262
12/9/2003,17.63,11.32,1060.18,1059.91,0.0000494
12/10/2003,17.87,11.11,1059.05,1058.81,0.0000328
12/11/2003,16.73,11.96,1071.21,1071.22,0.0000316
12/12/2003,16.41,11.24,1074.14,1074.17,0.0000283
12/15/2003,17.23,11.4,1068.04,1068.26,0.00006
12/16/2003,15.93,11.29,1075.13,1074.95,0.0000379
12/17/2003,15.58,11.06,1076.48,1076.09,0.0000214
12/18/2003,16.16,11.41,1089.18,1089.02,0.0000177
12/19/2003,16.42,11.04,1088.67,1088.32,0.000031
12/22/2003,16.94,10.9,1092.94,1092.58,0.000019
12/23/2003,16.49,10.94,1096.02,1095.75,0.0000156
12/24/2003,16.66,9.5,1094.04,1094.04,0.000008
12/26/2003,17.45,9.46,1095.89,1095.89,0.00000602
12/29/2003,17.09,10.41,1109.48,1108.87,0.0000252
12/30/2003,17.68,10.4,1109.64,1108.99,0.000011
12/31/2003,18.31,9.73,1111.92,1110.17,0.0000197
1/2/2004,18.22,9.71,1108.48,1107.74,0.0000475
1/5/2004,17.49,10.61,1122.22,1121.44,0.000035
1/6/2004,16.73,10.5,1123.67,1123.5,0.00002
1/7/2004,15.5,10.21,1126.33,1126.05,0.0000289
1/8/2004,15.61,10.05,1131.92,1130.77,0.0000318
1/9/2004,16.75,9.9,1121.86,1121.49,0.0000689
1/12/2004,16.82,10.03,1127.23,#N/A,#N/A
1/13/2004,18.04,9.24,1121.22,#N/A,#N/A
1/14/2004,16.75,9.59,1130.52,1130.2,0.0000215
1/15/2004,15.56,9.41,1132.05,1132.04,0.0000503
1/16/2004,15,9.42,1139.83,1139.36,0.0000356
1/20/2004,15.21,9.41,1138.77,1139.11,0.0000232
1/21/2004,14.34,8.76,1147.62,1147.3,0.0000362
1/22/2004,14.71,8.8,1143.94,1143.99,0.0000334
1/23/2004,14.84,8.72,1141.55,1141.05,0.0000371
1/26/2004,14.55,9.66,1155.37,1155.12,0.0000295
1/27/2004,15.35,10.17,1144.05,1144.13,0.0000289
1/28/2004,16.78,11.16,1128.48,1128.77,0.0000947
1/29/2004,17.14,10.31,1134.12,1133.81,0.0000806
1/30/2004,16.63,10.35,1131.13,1131.05,0.0000527
2/2/2004,17.11,10.42,1135.26,1134.94,0.0000828
2/3/2004,17.34,10.41,1136.03,1135.87,0.0000347
2/4/2004,17.87,9.86,1126.53,1126.46,0.0000585
2/5/2004,17.71,9.87,1128.59,1128.89,0.000045
2/6/2004,16,10.64,1142.76,1142.67,0.0000448
2/9/2004,16.39,10.59,1139.81,1139.43,0.0000176
2/10/2004,15.94,10.45,1145.54,1145.21,0.000024
2/11/2004,15.39,10.95,1157.76,1157.3,0.0000449
2/12/2004,15.31,10.86,1152.11,1152.03,0.0000217
2/13/2004,15.58,10.66,1145.81,1146.16,0.0000481
2/17/2004,15.4,11.08,1156.99,1156.71,0.0000437
2/18/2004,15.59,10.96,1151.82,1151.81,0.0000171
2/19/2004,15.8,11.05,1147.06,1147.08,0.0000564
2/20/2004,16.04,10.79,1144.11,1144.78,0.000049
2/23/2004,16.29,10.82,1140.99,1140.75,0.0000307
2/24/2004,15.9,10.78,1139.09,1139.63,0.0000418
2/25/2004,14.93,10.01,1143.67,1143.94,0.0000181
2/26/2004,14.83,9.5,1144.91,1144.91,0.0000181
2/27/2004,14.55,8.31,1144.94,1145.26,0.0000346
3/1/2004,14.44,8.74,1155.96,1155.61,0.000033
3/2/2004,14.86,8.84,1149.1,1149.37,0.0000363
3/3/2004,14.55,8.77,1151.04,1150.97,0.0000245
3/4/2004,14.4,8.82,1154.88,1154.75,0.0000126
3/5/2004,14.48,8.42,1156.87,1157.24,0.000109241
3/8/2004,15.79,8.95,1147.21,1147.05,0.0000258
3/9/2004,16.6,8.19,1140.58,1140.73,0.0000587
3/10/2004,18.67,9.6,1123.89,1123.93,0.0000502
3/11/2004,20.67,11.03,1106.78,1106.5,0.000109218
3/12/2004,18.3,11.29,1120.57,1120.44,0.0000698
3/15/2004,21.13,12.24,1104.49,1104.47,0.000082
3/16/2004,20.34,12.24,1110.7,1110.9,0.0000846
3/17/2004,18.11,12.58,1123.75,1123.82,0.0000446
3/18/2004,18.53,12.5,1122.32,1122.28,0.0000704
3/19/2004,19.15,13.03,1109.78,1110.07,0.0000395
3/22/2004,21.58,13.76,1095.4,1095.26,0.00012555
3/23/2004,20.67,13.71,1093.95,1094.5,0.0000675
3/24/2004,19.81,13.74,1091.33,1091.49,0.0000884
3/25/2004,17.88,14.7,1109.19,1108.97,0.0000642
3/26/2004,17.33,14.7,1108.06,1108.83,0.0000328
3/29/2004,16.5,15.26,1122.47,1122.21,0.0000691
3/30/2004,16.28,15.02,1127,1126.91,0.0000318
3/31/2004,16.74,14.94,1126.21,1125.87,0.0000386
4/1/2004,16.65,15.07,1132.17,1132.33,0.0000375
4/2/2004,15.64,15.32,1141.81,1141.5,0.0000826
4/5/2004,14.97,15.51,1150.57,1150.25,0.0000156
4/6/2004,15.32,15.21,1148.16,1147.79,0.0000277
4/7/2004,15.76,15.23,1140.53,1141.1,0.0000342
4/8/2004,16.26,14.37,1139.32,1139.14,0.0000923
4/12/2004,15.28,13.33,1145.2,1145.4,0.0000229
4/13/2004,17.26,13.47,1129.44,1129.45,0.0000407
4/14/2004,15.62,12.54,1128.17,1127.87,0.0000643
4/15/2004,15.74,12.42,1128.84,1128.83,0.0000592
4/16/2004,14.94,11.78,1134.61,1134.11,0.0000323
4/19/2004,15.42,11.78,1135.82,1135.6,0.000021
4/20/2004,16.67,12.32,1118.15,1118.6,0.0000429
4/21/2004,15.6,11.65,1124.09,1124.58,0.0000563
4/22/2004,14.61,12.73,1139.93,1140.54,0.0000629
4/23/2004,14.01,12.68,1140.6,1140.65,0.0000304
4/26/2004,14.77,11.55,1135.53,1135.4,0.0000366
4/27/2004,15.07,11.59,1138.11,1138.79,0.0000466
4/28/2004,16.29,11.92,1122.41,1122.25,0.0000545
4/29/2004,16.6,12.14,1113.89,1112.21,0.0000808
4/30/2004,17.19,12.3,1107.31,1107.72,0.0000954
5/3/2004,16.62,12.51,1117.49,1117.41,0.0000488
5/4/2004,16.55,12.17,1119.55,1119.74,0.0000943
5/5/2004,15.77,11.92,1121.53,1121.83,0.0000384
5/6/2004,17.05,12.13,1113.99,1114.03,0.000076
5/7/2004,18.13,12.93,1098.7,1098.66,0.0000996
5/10/2004,19.77,13.44,1087.12,1087.44,0.000153574
5/11/2004,18.57,13.55,1095.45,1095.57,0.0000402
5/12/2004,18.14,12.71,1097.28,1097.53,0.000127455
5/13/2004,18.86,12.71,1096.44,1096.23,0.0000821
5/14/2004,18.47,12.7,1095.7,1095.52,0.0000962
5/17/2004,19.96,13.14,1084.1,1083.9,0.000124766
5/18/2004,19.33,13.36,1091.49,1091.83,0.0000394
5/19/2004,18.93,12.27,1088.69,1089.02,0.0000987
5/20/2004,18.67,12.11,1089.19,1089.47,0.0000404
5/21/2004,18.49,11.02,1093.56,1093.85,0.0000418
5/24/2004,18.08,11.05,1095.41,1095.5,0.000055
5/25/2004,15.96,12.35,1113.05,1113.39,0.0000512
5/26/2004,15.97,12.32,1114.94,1115.12,0.0000279
5/27/2004,15.28,11.4,1121.28,1121.21,0.0000525
5/28/2004,15.5,11.07,1120.68,1121.22,0.0000121
6/1/2004,16.3,10.89,1121.2,1121.23,0.000031
6/2/2004,16.08,10.55,1124.99,1125.09,0.0000339
6/3/2004,17.03,10.86,1116.64,1116.86,0.0000381
6/4/2004,16.78,11.01,1122.5,1122.63,0.0000632
6/7/2004,15.39,11.98,1140.42,1140.3,0.0000368
6/8/2004,15.01,10.96,1142.18,1141.69,0.0000267
6/9/2004,15.39,10.73,1131.33,1131.17,0.0000205
6/10/2004,15.04,10.5,1136.47,1136.24,0.0000182
6/14/2004,16.07,11,1125.29,1124.77,0.0000334
6/15/2004,15.05,11.27,1132.01,1132.44,0.0000608
6/16/2004,14.79,11.27,1133.56,1133.58,0.0000152
6/17/2004,15.15,10.63,1132.05,1132.05,0.0000207
6/18/2004,14.99,10.37,1135.02,1134.72,0.0000238
6/21/2004,15.26,10.45,1130.3,1130.38,0.0000173
6/22/2004,14.31,10.56,1134.41,1134.61,0.000027
6/23/2004,13.98,10.85,1144.06,1144.1,0.0000209
6/24/2004,14.81,10.86,1140.65,1141.28,0.00002
6/25/2004,15.19,9.28,1134.43,1138.34,0.000019
6/28/2004,16.07,9.41,1133.35,1133.8,0.0000454
6/29/2004,15.47,9.31,1136.2,1136.58,0.0000157
6/30/2004,14.34,9.4,1140.84,1141.63,0.0000293
7/1/2004,15.2,10.14,1128.94,1128.7,0.0000456
7/2/2004,15.08,10.12,1125.38,1124.86,0.0000297
7/6/2004,16.25,10.09,1116.21,1116.43,0.0000299
7/7/2004,15.81,9.92,1118.33,1117.92,0.0000187
7/8/2004,16.2,8.85,1109.11,1108.92,0.0000425
7/9/2004,15.78,8.92,1112.81,1112.68,0.0000427
7/12/2004,14.96,8.43,1114.35,1114.2,0.0000309
7/13/2004,14.46,8.33,1115.14,1115.18,0.00000897
7/14/2004,13.76,7.69,1111.47,1111.27,0.0000627
7/15/2004,14.71,7.46,1106.69,1106.81,0.0000297
7/16/2004,14.34,7.57,1101.4,1101.42,0.0000377
7/19/2004,15.17,7.57,1100.91,1100.85,0.0000391
7/20/2004,14.17,7.82,1108.67,1108.54,0.0000393
7/21/2004,16.41,8.84,1093.88,1094.4,0.0000587
7/22/2004,15.75,8.72,1096.85,1096.57,0.0000804
7/23/2004,16.5,8.96,1086.2,1086.06,0.0000533
7/26/2004,17.3,8.93,1084.07,1084.17,0.0000713
7/27/2004,16.55,9.54,1094.83,1094.91,0.0000418
7/28/2004,16.15,9.42,1095.42,1095.8,0.0000719
7/29/2004,15.68,9.49,1100.43,1100.86,0.0000428
7/30/2004,15.32,9.4,1101.72,1101.86,0.0000288
8/2/2004,15.37,8.74,1106.62,1106.61,0.0000362
8/3/2004,16.03,8.92,1099.69,1099.31,0.0000256
8/4/2004,16.21,8.57,1098.63,1098.33,0.0000465
8/5/2004,18.32,10.15,1080.7,1080.68,0.0000509
8/6/2004,19.34,11.12,1063.97,1063.89,0.0000931
8/9/2004,18.89,11.07,1065.22,1065.42,0.0000257
8/10/2004,17.47,11.78,1079.04,1078.81,0.0000424
8/11/2004,18.04,11.81,1075.8,1075.51,0.000106615
8/12/2004,19.08,12.42,1063.23,1063.18,0.0000506
8/13/2004,17.98,12.32,1064.8,1064.78,0.0000443
8/16/2004,17.57,13.13,1079.34,1079.5,0.0000425
8/17/2004,17.02,13.15,1081.71,1081.17,0.000031
8/18/2004,16.23,13.75,1095.17,1094.95,0.0000469
8/19/2004,16.96,13.12,1091.23,1090.7,0.0000382
8/20/2004,16,13.33,1098.35,1098.24,0.0000264
8/23/2004,15.88,12.89,1095.68,1095.84,0.0000231
8/24/2004,15.33,12.89,1096.19,1096.18,0.0000342
8/25/2004,14.98,12.77,1104.96,1104.9,0.0000276
8/26/2004,14.91,12.77,1105.09,1105.44,0.0000151
8/27/2004,14.71,12.71,1107.77,1108.2,0.00000957
8/30/2004,15.44,12.98,1099.15,1099.38,0.0000179
8/31/2004,15.29,12.95,1104.24,1104.04,0.000028
9/1/2004,14.91,12.78,1105.91,1105.84,0.0000304
9/2/2004,14.28,13.32,1118.31,1118.51,0.0000196
9/3/2004,13.91,12.2,1113.63,1114.3,0.0000261
9/7/2004,14.07,11.18,1121.3,1121.21,0.0000483
9/8/2004,14.06,11.26,1116.27,1116.38,0.0000227
9/9/2004,14.01,10.51,1118.38,1118.17,0.000032
9/10/2004,13.76,10.63,1123.92,1123.87,0.000029
9/13/2004,13.17,9.86,1125.82,1125.25,0.0000183
9/14/2004,13.56,9.87,1128.33,1128.37,0.0000143
9/15/2004,14.64,9.04,1120.37,1120.22,0.0000224
9/16/2004,14.39,9.07,1123.5,1123.54,0.0000126
9/17/2004,14.03,8,1128.55,1128.64,0.0000232
9/20/2004,14.43,8.01,1122.2,1122.3,0.0000334
9/21/2004,13.66,7.93,1129.3,1129.26,0.0000157
9/22/2004,14.74,9.36,1113.56,1113.49,0.0000575
9/23/2004,14.8,9.46,1108.36,1108.57,0.0000268
9/24/2004,14.28,8.98,1110.11,1110.23,0.0000172
9/27/2004,14.62,9.18,1103.52,1103.82,0.0000189
9/28/2004,13.83,9.37,1110.06,1110.26,0.000024
9/29/2004,13.21,9.05,1114.8,1114.51,0.0000249
9/30/2004,13.34,8.96,1114.58,1114.28,0.0000283
10/1/2004,12.75,10.39,1131.5,1131.38,0.0000332
10/4/2004,13.41,9.76,1135.17,1134.94,0.0000417
10/5/2004,13.95,9.69,1134.48,1134.64,0.0000203
10/6/2004,13.28,9.66,1142.05,1141.84,0.0000169
10/7/2004,14.5,10.19,1130.65,1130.5,0.0000162
10/8/2004,15.05,10.48,1122.14,1122.16,0.0000296
10/11/2004,14.71,10.33,1124.39,1124.68,0.0000162
10/12/2004,15.05,10.35,1121.84,#N/A,#N/A
10/13/2004,15.42,10.68,1113.65,1113.36,0.0000437
10/14/2004,16.43,10.8,1103.29,1103.33,0.0000268
10/15/2004,15.04,10.88,1108.2,1108.08,0.0000532
10/18/2004,14.71,10.92,1114.02,1114.06,0.0000395
10/19/2004,15.13,11.24,1103.23,1103.19,0.0000336
10/20/2004,14.85,11.04,1103.66,1103.53,0.0000538
10/21/2004,14.54,9.88,1106.49,1106.36,0.0000502
10/22/2004,15.28,10.37,1095.73,1095.6,0.0000363
10/25/2004,16.58,10.36,1094.81,1094.9,0.0000468
10/26/2004,16.39,11.25,1111.09,1110.74,0.0000394
10/27/2004,15.72,12.02,1125.4,1125.43,0.0000471
10/28/2004,15.39,11.98,1127.44,1127.23,0.0000345
10/29/2004,16.27,11.99,1130.2,1129.5,0.0000292
11/1/2004,16.27,10.77,1130.51,1130.52,0.0000154
11/2/2004,16.18,10.7,1130.55,1130.49,0.000047
11/3/2004,14.04,11.28,1143.2,1140.91,0.000229048
11/4/2004,13.97,12.48,1161.67,1161.23,0.0000341
11/5/2004,13.84,12.04,1166.17,1165.94,0.0000415
11/8/2004,13.8,11.79,1164.89,1164.97,0.0000203
11/9/2004,13.61,11.77,1164.08,1164.54,0.0000234
11/10/2004,13.08,11.74,1162.91,1163.2,0.0000273
11/11/2004,13.04,11.84,1173.48,1173.88,0.0000218
11/12/2004,13.33,11.75,1184.17,1183.84,0.0000147
11/15/2004,13.38,11.63,1183.82,1184.03,0.0000273
11/16/2004,13.21,11.72,1175.43,1175.54,0.000024
11/17/2004,13.21,11.42,1181.94,1181.82,0.0000476
11/18/2004,12.98,11.45,1183.55,1183.7,0.0000181
11/19/2004,13.5,12.04,1170.34,1170.64,0.0000334
11/22/2004,12.97,11.68,1177.24,1177.2,0.0000212
11/23/2004,12.67,11.68,1176.94,1177.04,0.0000289
11/24/2004,12.72,10.74,1181.76,1182.23,0.0000182
11/26/2004,12.78,9.67,1182.65,1182.65,0.00000693
11/29/2004,13.3,9.67,1178.57,1178.59,0.0000498
11/30/2004,13.24,9.74,1173.82,1174.39,0.00003
12/1/2004,12.97,10.76,1191.37,1190.77,0.0000308
12/2/2004,12.98,10.76,1190.33,1190.35,0.0000266
12/3/2004,12.96,10.15,1191.17,1190.85,0.0000496
12/6/2004,13.19,8.38,1190.25,1190.11,0.0000233
12/7/2004,13.67,9.05,1177.08,1177.15,0.0000371
12/8/2004,13.19,9.14,1182.81,1182.43,0.0000251
12/9/2004,12.88,9.37,1189.24,1189.01,0.0000426
12/10/2004,12.76,9.37,1188,1188.12,0.0000239
12/13/2004,12.54,9.36,1198.68,1198.74,0.0000316
12/14/2004,12.73,9.11,1203.38,1203.71,0.000015
12/15/2004,12.35,9.13,1205.72,1205.78,0.0000232
12/16/2004,12.27,8.91,1203.21,1203.01,0.0000336
12/17/2004,11.95,8.96,1194.22,1195.57,0.0000473
12/20/2004,11.83,8.93,1194.65,1194.49,0.0000462
12/21/2004,11.55,8.6,1205.46,1205.56,0.000022
12/22/2004,11.45,8.49,1209.57,1209.83,0.0000172
12/23/2004,11.23,8.49,1210.13,1210.8,0.0000111
12/27/2004,12.14,8.48,1204.92,1205.74,0.0000283
12/28/2004,12,8.75,1213.54,1213.37,0.0000196
12/29/2004,11.62,8.73,1213.45,1213.69,0.00000785
12/30/2004,12.56,8.64,1213.55,1213.73,0.00000599
12/31/2004,13.29,7.33,1211.92,1211.89,0.00000803
1/3/2005,14.08,7.92,1202.08,1201.66,0.0000459
1/4/2005,13.98,8.76,1188.05,1188.24,0.0000481
1/5/2005,14.09,8.77,1183.74,1183.86,0.0000454
1/6/2005,13.58,7.97,1187.89,1187.53,0.000037
1/7/2005,13.49,7.89,1186.19,1185.97,0.0000372
1/10/2005,13.23,7.69,1190.24,1189.84,0.0000297
1/11/2005,13.19,7.89,1182.99,1183.25,0.0000297
1/12/2005,12.56,7.34,1187.7,1187.98,0.0000524
1/13/2005,12.84,7.85,1177.45,1177.19,0.0000252
1/14/2005,12.43,8.1,1184.52,1184.56,0.0000243
1/18/2005,12.47,8.71,1195.98,1195.75,0.0000245
1/19/2005,13.18,9.15,1184.63,1184.37,0.0000195
1/20/2005,13.83,9.52,1175.41,1175.66,0.0000544
1/21/2005,14.36,9.23,1167.87,1167.98,0.0000376
1/24/2005,14.65,9.21,1163.75,1164.19,0.0000457
1/25/2005,14.06,9.3,1168.41,1168.56,0.0000369
1/26/2005,13.44,9.33,1174.07,1174.23,0.0000385
1/27/2005,13.24,9.07,1174.55,1174.55,0.0000216
1/28/2005,13.24,9.11,1171.36,1171.19,0.0000299
1/31/2005,12.82,9.52,1181.27,1181.07,0.0000443
2/1/2005,12.03,9.82,1189.41,1189.18,0.0000148
2/2/2005,11.66,9.43,1193.19,1193.18,0.0000195
2/3/2005,11.79,8.7,1189.89,1189.75,0.0000247
2/4/2005,11.21,9.47,1203.03,1202.79,0.0000183
2/7/2005,11.73,9.47,1201.72,1201.76,0.0000116
2/8/2005,11.6,9.46,1202.3,1202.51,0.0000132
2/9/2005,12,9.9,1191.99,1191.91,0.0000257
2/10/2005,11.51,9.85,1197.01,1196.97,0.0000248
2/11/2005,11.43,10.09,1205.3,1205.77,0.0000352
2/14/2005,11.52,9.6,1206.14,1206.23,0.00000813
2/15/2005,11.27,9.43,1210.13,1210.06,0.0000148
2/16/2005,11.1,8.81,1210.34,1210.1,0.0000202
2/17/2005,11.77,8.54,1200.75,1200.77,0.0000254
2/18/2005,11.18,8.13,1201.59,1201.83,0.0000163
2/22/2005,13.14,9.31,1184.16,1184.35,0.0000385
2/23/2005,12.39,9.45,1190.8,1191.25,0.0000342
2/24/2005,11.57,9.67,1200.2,1200.16,0.0000354
2/25/2005,11.49,10.1,1211.37,1211.4,0.0000227
2/28/2005,12.08,10.38,1203.6,1203.2,0.0000291
3/1/2005,12.04,10.58,1210.41,1210.47,0.000028
3/2/2005,12.5,10.22,1210.08,1210.01,0.0000503
3/3/2005,12.93,9.92,1210.47,1210.33,0.0000348
3/4/2005,11.94,10.44,1222.13,1222.13,0.0000356
3/7/2005,12.26,10.42,1225.31,1225.11,0.0000166
3/8/2005,12.4,9.85,1219.43,1219.08,0.0000216
3/9/2005,12.7,10.44,1207.01,1207.33,0.0000361
3/10/2005,12.49,10.44,1209.25,1208.92,0.0000391
3/11/2005,12.8,10.22,1200.08,1200.43,0.0000419
3/14/2005,12.39,10.26,1206.83,1206.61,0.0000246
3/15/2005,13.15,10.27,1197.75,1198.07,0.0000272
3/16/2005,13.49,10.67,1188.07,1188.15,0.0000354
3/17/2005,13.29,10.64,1190.21,1190.48,0.000022
3/18/2005,13.14,10.64,1189.65,1189.13,0.0000298
3/21/2005,13.61,10.43,1183.79,1183.77,0.0000399
3/22/2005,14.27,10.96,1171.71,1172.07,0.0000548
3/23/2005,14.06,9.8,1172.53,1171.85,0.0000363
3/24/2005,13.42,9.6,1171.42,1171.93,0.0000301
3/28/2005,13.75,9.34,1174.28,1174.49,0.0000228
3/29/2005,14.49,9.24,1165.36,1165.2,0.00004
3/30/2005,13.64,10.08,1181.41,1181.54,0.0000331
3/31/2005,14.02,9.83,1180.59,1180.35,0.0000234
4/1/2005,14.09,10.07,1172.92,1172.72,0.0000781
4/4/2005,14.11,10.11,1176.12,1176.04,0.0000282
4/5/2005,13.68,9.61,1181.39,1181.38,0.00003
4/6/2005,13.15,9.61,1184.07,1183.79,0.0000306
4/7/2005,12.33,9.7,1191.14,1191.32,0.0000197
4/8/2005,12.62,9.5,1181.2,1181.13,0.0000208
4/11/2005,11.98,9.5,1181.21,1181.11,0.0000201
4/12/2005,11.3,9.4,1187.76,1187.82,0.0000461
4/13/2005,13.31,10.19,1173.79,1173.61,0.0000351
4/14/2005,14.53,10.42,1162.05,1162.37,0.000055
4/15/2005,17.74,11.48,1142.62,1142.96,0.0000769
4/18/2005,16.56,11.48,1145.98,1145.83,0.0000571
4/19/2005,14.96,11.67,1152.78,1152.86,0.0000466
4/20/2005,16.92,12.39,1137.5,1137.65,0.0000619
4/21/2005,14.41,13.54,1159.95,1159.61,0.000099
4/22/2005,15.38,13.72,1152.12,1152.44,0.0000839
4/25/2005,14.62,14.05,1162.1,1162.1,0.000045
4/26/2005,14.91,14.31,1151.74,1152.08,0.0000409
4/27/2005,14.87,14.04,1156.38,1156.7,0.0000602
4/28/2005,16.86,13.81,1143.22,1143.29,0.0000563
4/29/2005,15.31,14.37,1156.85,1156.21,0.0000897
5/2/2005,15.12,14.31,1162.16,1162.34,0.0000308
5/3/2005,14.53,14.28,1161.17,1161.33,0.0000844
5/4/2005,13.85,14.74,1175.65,1175.17,0.0000408
5/5/2005,13.98,14.74,1172.63,1172.77,0.0000643
5/6/2005,14.05,14.62,1171.35,1170.98,0.0000387
5/9/2005,13.75,14.53,1178.84,1178.75,0.0000202
5/10/2005,14.91,15.03,1166.22,1165.96,0.0000588
5/11/2005,14.45,14.99,1171.11,1170.72,0.0000427
5/12/2005,16.12,14.79,1159.36,1159.26,0.0000476
5/13/2005,16.32,14.48,1154.05,1153.87,0.0000803
5/16/2005,15.68,13.82,1165.69,1165.73,0.0000303
5/17/2005,14.57,13.99,1173.8,1173.67,0.0000331
5/18/2005,13.63,14.25,1185.56,1185.33,0.0000432
5/19/2005,13.32,13.63,1191.08,1191.02,0.0000251
5/20/2005,13.14,12.04,1189.28,1189.18,0.0000205
5/23/2005,12.95,11.92,1193.86,1194.15,0.0000231
5/24/2005,12.69,11.54,1194.07,1194.17,0.0000285
5/25/2005,12.58,11.23,1190.01,1190.57,0.0000192
5/26/2005,12.24,11.37,1197.63,1197.71,0.000019
5/27/2005,12.15,10.67,1198.78,1198.77,0.00000695
5/31/2005,13.29,10.04,1191.5,1191.7,0.000023
6/1/2005,12.36,10.2,1202.27,1202.15,0.000046
6/2/2005,11.84,10.23,1204.29,1204.19,0.0000216
6/3/2005,12.15,9.7,1196.02,1196.68,0.000026
6/6/2005,12.28,9.67,1197.51,1197.63,0.0000105
6/7/2005,12.39,9.65,1197.26,1197.43,0.0000388
6/8/2005,12.7,9.38,1194.67,1194.86,0.0000191
6/9/2005,12.08,8.7,1200.93,1201.06,0.0000338
6/10/2005,11.96,8.62,1198.11,1198.3,0.0000185
6/13/2005,11.65,7.92,1200.82,1201.02,0.0000302
6/14/2005,11.79,7.81,1203.91,1204.1,0.0000209
6/15/2005,11.46,6.98,1206.58,1206.58,0.0000309
6/16/2005,11.15,6.72,1210.96,1210.82,0.0000178
6/17/2005,11.48,6.04,1216.96,1216.99,0.0000306
6/20/2005,11.47,5.82,1216.1,1216.14,0.0000264
6/21/2005,11.08,5.86,1213.61,1213.72,0.0000189
6/22/2005,11.05,5.66,1213.88,1214.34,0.0000313
6/23/2005,12.13,6.82,1200.73,1200.76,0.0000383
6/24/2005,12.18,7.21,1191.57,1191.62,0.0000244
6/27/2005,12.52,6.9,1190.69,1191.06,0.0000226
6/28/2005,11.58,7.57,1201.57,1201.61,0.0000179
6/29/2005,11.77,7.43,1199.85,1199.91,0.000017
6/30/2005,12.04,7.41,1191.33,1190.87,0.0000311
7/1/2005,11.4,7.43,1194.44,1195.08,0.000033
7/5/2005,11.68,7.67,1204.99,1204.93,0.0000242
7/6/2005,12.27,8.19,1194.94,1195.04,0.0000227
7/7/2005,12.49,8.23,1197.87,1197.76,0.0000838
7/8/2005,11.45,9.17,1211.86,1212.03,0.0000209
7/11/2005,11.28,9.23,1219.44,1219.52,0.0000197
7/12/2005,10.95,9.24,1222.21,1222.27,0.000022
7/13/2005,10.84,9.2,1223.29,1223.13,0.0000149
7/14/2005,10.81,9.22,1226.5,1226.55,0.0000489
7/15/2005,10.33,9.21,1227.92,1227.59,0.0000122
7/18/2005,10.77,9.34,1221.13,1221.44,0.0000133
7/19/2005,10.45,9.51,1229.35,1229.44,0.0000337
7/20/2005,10.23,9.62,1235.2,1235.05,0.0000307
7/21/2005,10.97,9.83,1227.04,1226.92,0.0000532
7/22/2005,10.52,9.98,1233.68,1233.45,0.0000202
7/25/2005,11.1,9.28,1229.03,1229.02,0.0000197
7/26/2005,10.99,8.92,1231.16,1231.52,0.0000225
7/27/2005,10.36,9.02,1236.79,1236.92,0.0000199
7/28/2005,10.52,8.69,1243.72,1243.92,0.0000207
7/29/2005,11.57,8.98,1234.18,1234.5,0.0000152
8/1/2005,12.08,8.66,1235.35,1235.07,0.0000207
8/2/2005,11.75,8.92,1244.12,1243.91,0.0000129
8/3/2005,11.83,8.44,1245.05,1244.84,0.0000126
8/4/2005,12.52,8.3,1235.86,1235.61,0.0000161
8/5/2005,12.48,8.65,1226.42,1226.49,0.0000196
8/8/2005,13.21,7.67,1223.13,1222.67,0.000026
8/9/2005,12.4,7.78,1231.38,1231.6,0.0000309
8/10/2005,12.38,7.75,1229.13,1229.28,0.0000469
8/11/2005,12.42,8.1,1237.81,1237.45,0.0000337
8/12/2005,12.74,8.27,1230.39,1230.61,0.0000286
8/15/2005,12.26,8.32,1233.87,1233.95,0.000019
8/16/2005,13.52,9.12,1219.34,1219.05,0.0000297
8/17/2005,13.3,8.78,1220.24,1220.22,0.0000304
8/18/2005,13.42,8.67,1219.02,1218.72,0.000027
8/19/2005,13.42,8.42,1219.71,1219.9,0.0000186
8/22/2005,13.42,8.26,1221.73,1221.78,0.000034
8/23/2005,13.34,8.25,1217.57,1217.9,0.0000218
8/24/2005,14.17,8.58,1209.59,1209.9,0.0000366
8/25/2005,13.73,8.49,1212.4,1212.31,0.000016
8/26/2005,13.72,8.44,1205.1,1205.22,0.0000306
8/29/2005,13.52,8.35,1212.28,1212.7,0.0000256
8/30/2005,13.65,8.45,1208.41,1208.53,0.0000507
8/31/2005,12.6,8.74,1220.33,1220.18,0.0000546
9/1/2005,13.15,8.75,1221.59,1221.59,0.0000561
9/2/2005,13.57,8.44,1218.02,1218.03,0.0000228
9/6/2005,12.93,9.22,1233.39,1233.61,0.00004
9/7/2005,12.52,9.19,1236.36,1236.22,0.0000162
9/8/2005,12.93,8.95,1231.67,1231.89,0.0000197
9/9/2005,11.98,9.27,1241.48,1241.07,0.0000182
9/12/2005,11.65,8.97,1240.56,1240.45,0.00001
9/13/2005,12.39,9.11,1231.2,1231.44,0.0000236
9/14/2005,12.91,9.13,1227.16,1227.15,0.0000245
9/15/2005,12.49,8.09,1227.73,1227.51,0.0000316
9/16/2005,11.22,8.59,1237.91,1237.79,0.0000279
9/19/2005,12.14,8.79,1231.02,1231.01,0.000015
9/20/2005,12.64,9.11,1221.35,1221.69,0.0000374
9/21/2005,13.79,9.73,1210.2,1210.02,0.0000346
9/22/2005,13.33,9.79,1214.62,1214.73,0.0000515
9/23/2005,12.96,9.49,1215.29,1215.69,0.0000247
9/26/2005,13.04,9.48,1215.63,1215.78,0.000045
9/27/2005,12.76,9.31,1215.66,1215.62,0.000032
9/28/2005,12.63,9.08,1216.89,1217.11,0.000026
9/29/2005,12.24,9.54,1227.68,1228.1,0.0000414
9/30/2005,11.92,8.97,1228.81,1228.76,0.000019
10/3/2005,12.46,8.95,1226.7,1227.01,0.0000239
10/4/2005,13.2,9.6,1214.47,1214.3,0.0000376
10/5/2005,14.55,9.95,1196.39,1196.25,0.0000585
10/6/2005,14.96,10.06,1191.49,1191.16,0.000100348
10/7/2005,14.59,10.1,1195.9,1196.08,0.0000451
10/10/2005,15.55,10.07,1187.33,1187.45,0.0000474
10/11/2005,15.63,10.1,1184.87,1184.79,0.0000573
10/12/2005,16.22,10.03,1177.68,1177.71,0.0000776
10/13/2005,16.47,9.95,1176.84,1176.99,0.0000916
10/14/2005,14.87,10.36,1186.57,1186.84,0.0000677
10/17/2005,14.67,9.99,1190.1,1190.03,0.000032
10/18/2005,15.33,10.37,1178.14,1178.27,0.0000301
10/19/2005,13.5,11.22,1195.76,1195.6,0.0000792
10/20/2005,16.11,12.03,1177.8,1177.82,0.0000959
10/21/2005,16.13,12,1179.59,1179.64,0.0000815
10/24/2005,14.74,13.13,1199.38,1199.29,0.0000688
10/25/2005,14.53,13.14,1196.54,1196.55,0.0000472
10/26/2005,14.59,13.19,1191.38,1191.76,0.0000658
10/27/2005,16.02,13.64,1178.9,1178.92,0.0000334
10/28/2005,14.25,14.03,1198.41,1197.9,0.0000762
10/31/2005,15.32,14.3,1207.01,1206.68,0.0000381
11/1/2005,14.85,14.31,1202.76,1202.59,0.0000207
11/2/2005,13.48,14.17,1214.76,1214.71,0.0000279
11/3/2005,13,13.25,1219.94,1219.85,0.0000385
11/4/2005,13.17,13.15,1220.14,1219.88,0.0000315
11/7/2005,13.1,13.09,1222.81,1222.77,0.0000241
11/8/2005,13.08,12.93,1218.59,1218.61,0.0000255
11/9/2005,12.8,12.92,1220.65,1220.33,0.000025
11/10/2005,11.9,13.06,1230.96,1231.09,0.0000421
11/11/2005,11.63,13.1,1234.71,1234.48,0.00000592
11/14/2005,12.18,12.77,1233.76,1233.82,0.0000153
11/15/2005,12.23,12.83,1229.01,1228.81,0.0000253
11/16/2005,12.26,12.4,1231.21,1231.35,0.0000232
11/17/2005,11.25,11.74,1242.8,1242.5,0.0000221
11/18/2005,11.12,10.51,1248.27,1248.15,0.0000288
11/21/2005,10.82,10.59,1254.85,1254.85,0.0000157
11/22/2005,10.6,9.3,1261.23,1260.87,0.0000214
11/23/2005,10.96,9.39,1265.61,1265.78,0.0000139
11/25/2005,10.88,9.34,1268.25,1268.25,0.00000529
11/28/2005,11.84,9.05,1257.46,1257.94,0.0000165
11/29/2005,11.89,7.82,1257.48,1257.65,0.0000334
11/30/2005,12.06,7.67,1249.48,1249.47,0.0000308
12/1/2005,11.24,8.68,1264.67,1265.05,0.0000479
12/2/2005,11.01,8.15,1265.08,1265,0.0000131
12/5/2005,11.6,8.05,1262.09,1262.33,0.0000192
12/6/2005,11.52,8.06,1263.7,1263.52,0.0000328
12/7/2005,12.18,8.2,1257.37,1257.26,0.0000284
12/8/2005,12.21,8.12,1255.84,1255.85,0.0000409
12/9/2005,11.69,8.16,1259.37,1259.58,0.0000221
12/12/2005,11.47,7.62,1260.43,1260.65,0.000021
12/13/2005,11.11,7.78,1267.43,1267.4,0.0000259
12/14/2005,10.48,7.92,1272.74,1272.95,0.0000198
12/15/2005,10.73,7.79,1270.94,1270.85,0.0000213
12/16/2005,10.68,7.77,1267.32,1267.89,0.0000208
12/19/2005,11.38,7.51,1259.92,1259.77,0.0000209
12/20/2005,11.19,7.28,1259.62,1259.67,0.000017
12/21/2005,10.81,7.12,1262.8,1263.15,0.0000332
12/22/2005,10.29,7.03,1268.12,1268.16,0.0000148
12/23/2005,10.27,6.9,1268.66,1269.16,0.00000624
12/27/2005,11.57,7.58,1256.54,1256.84,0.0000308
12/28/2005,11.35,7.11,1258.17,1258.04,0.0000133
12/29/2005,11.61,7.2,1254.42,1254.63,0.000015
12/30/2005,12.07,7.06,1248.29,1247.72,0.0000276
1/3/2006,11.14,8.13,1268.8,1268.55,0.0000655
1/4/2006,11.37,8.24,1273.46,1273.41,0.00003
1/5/2006,11.31,8.22,1273.48,1273.31,0.0000201
1/6/2006,11,8.81,1285.45,1285.13,0.0000578
1/9/2006,11.13,8.77,1290.15,1290.01,0.0000129
1/10/2006,10.86,8.77,1289.69,1289.59,0.0000245
1/11/2006,10.94,8.76,1294.18,1293.93,0.0000194
1/12/2006,11.2,8.98,1286.06,1286.16,0.0000139
1/13/2006,11.23,8.78,1287.61,1287.53,0.000018
1/17/2006,11.91,8.72,1282.93,1282.98,0.0000253
1/18/2006,12.25,8.83,1277.93,1277.9,0.0000318
1/19/2006,11.98,9,1285.04,1284.66,0.0000221
1/20/2006,14.56,10.65,1261.48,1261.35,0.0000416
1/23/2006,13.93,10.67,1263.83,1263.7,0.0000239
1/24/2006,13.31,10.68,1266.86,1266.57,0.000027
1/25/2006,12.87,10.62,1264.68,1264.8,0.0000603
1/26/2006,12.42,10.89,1273.83,1274.12,0.000054
1/27/2006,11.97,10.71,1283.72,1283.45,0.0000266
1/30/2006,12.39,10.73,1285.2,1285.55,0.0000109
1/31/2006,12.95,10.79,1280.09,1280.04,0.0000272
2/1/2006,12.36,10.64,1282.46,1282.04,0.0000348
2/2/2006,13.23,9.4,1270.84,1270.81,0.0000404
2/3/2006,12.96,9.52,1264.03,1263.85,0.0000524
2/6/2006,13.04,9.53,1265.02,1265.04,0.0000224
2/7/2006,13.59,9.41,1254.78,1255.08,0.0000412
2/8/2006,12.83,9.68,1265.65,1265.27,0.0000194
2/9/2006,13.12,9.68,1263.78,1263.84,0.000022
2/10/2006,12.87,9.68,1266.99,1267.07,0.0000413
2/13/2006,13.35,9.53,1262.86,1262.95,0.0000218
2/14/2006,12.25,10.1,1275.53,1275.4,0.000027
2/15/2006,12.31,10.09,1280,1279.81,0.0000414
2/16/2006,11.48,10.35,1289.38,1289.1,0.0000129
2/17/2006,12.01,10.21,1287.24,1286.91,0.0000108
2/21/2006,12.41,8.23,1283.03,1282.94,0.0000261
2/22/2006,11.88,8.53,1292.67,1292.7,0.0000183
2/23/2006,11.87,8.56,1287.79,1287.72,0.0000276
2/24/2006,11.46,8.55,1289.43,1289.65,0.0000135
2/27/2006,11.59,8.28,1294.12,1294.29,0.0000158
2/28/2006,12.34,8.74,1280.66,1280.12,0.000035
3/1/2006,11.54,9.14,1291.24,1291.15,0.000017
3/2/2006,11.72,9,1289.14,1289.48,0.0000302
3/3/2006,11.96,9.01,1287.23,1287.01,0.0000385
3/6/2006,12.74,8.88,1278.26,1278.31,0.0000264
3/7/2006,12.66,8.67,1275.88,1275.54,0.0000303
3/8/2006,12.32,8.69,1278.47,1278.17,0.0000326
3/9/2006,12.68,8.37,1272.23,1272.34,0.0000188
3/10/2006,11.85,8.32,1281.58,1281.73,0.0000332
3/13/2006,11.37,8.35,1284.13,1284.14,0.0000184
3/14/2006,10.74,9.05,1297.48,1297.32,0.0000173
3/15/2006,11.35,9.13,1303.02,1303.4,0.0000148
3/16/2006,11.98,8.51,1305.33,1305.77,0.0000208
3/17/2006,12.12,8.47,1307.25,1307.11,0.0000119
3/20/2006,11.79,8.02,1305.08,1305.24,0.0000167
3/21/2006,11.62,8.31,1297.23,1297.12,0.0000245
3/22/2006,11.21,8.53,1305.04,1304.87,0.0000185
3/23/2006,11.17,8.25,1301.67,1301.82,0.0000188
3/24/2006,11.19,8.18,1302.95,1302.81,0.0000171
3/27/2006,11.46,8.17,1301.61,1301.84,0.0000139
3/28/2006,11.58,8.38,1293.22,1293.45,0.000031
3/29/2006,10.95,7.88,1302.89,1303.16,0.0000241
3/30/2006,11.57,7.41,1300.25,1300.45,0.0000386
3/31/2006,11.39,7.49,1294.83,1295.24,0.0000246
4/3/2006,11.57,7.49,1297.81,1297.81,0.0000208
4/4/2006,11.14,7.36,1305.94,1305.78,0.0000271
4/5/2006,11.13,7.45,1311.56,1311.38,0.000025
4/6/2006,11.45,7.45,1309.04,1308.8,0.0000243
4/7/2006,12.26,8.09,1295.5,1295.42,0.0000492
4/10/2006,12.19,7.7,1296.61,1296.47,0.0000176
4/11/2006,13,8.17,1286.58,1286.43,0.0000404
4/12/2006,12.76,7.35,1288.13,1288.38,0.0000202
4/13/2006,12.38,7.17,1289.12,1289.03,0.0000235
4/17/2006,12.58,7.19,1285.33,1285.32,0.0000172
4/18/2006,11.4,9.26,1307.65,1307.28,0.0000589
4/19/2006,11.32,9.28,1309.93,1310.06,0.0000336
4/20/2006,11.64,9,1311.46,1311.65,0.0000371
4/21/2006,11.59,8.77,1311.28,1310.93,0.0000288
4/24/2006,11.75,8.75,1308.11,1308.36,0.0000257
4/25/2006,11.75,8.9,1301.74,1302.12,0.0000306
4/26/2006,11.76,8.94,1305.41,1305.42,0.0000421
4/27/2006,11.84,8.75,1309.72,1309.74,0.000115789
4/28/2006,11.59,8.4,1310.61,1310.81,0.000024
5/1/2006,12.54,8.49,1305.19,1305.28,0.0000447
5/2/2006,11.99,8.62,1313.21,1312.97,0.0000267
5/3/2006,11.99,8.7,1307.85,1308.03,0.0000225
5/4/2006,11.86,8.54,1312.25,1312.23,0.0000191
5/5/2006,11.62,9.16,1325.76,1326.11,0.0000358
5/8/2006,12,9.14,1324.66,1324.48,0.00000716
5/9/2006,11.99,8.43,1325.14,1324.81,0.00000528
5/10/2006,11.78,8.44,1322.85,1322.62,0.0000255
5/11/2006,12.49,9.12,1305.92,1305.79,0.0000347
5/12/2006,14.19,9.93,1291.24,1291,0.0000703
5/15/2006,13.57,9.97,1294.5,1294.17,0.0000552
5/16/2006,13.35,9.96,1292.08,1291.86,0.0000297
5/17/2006,16.26,10.08,1270.32,1270.23,0.0000863
5/18/2006,16.99,10.32,1261.81,1261.79,0.0000578
5/19/2006,17.18,10.42,1267.03,1266.98,0.0000885
5/22/2006,17.72,10.47,1262.07,1262.01,0.000108778
5/23/2006,18.26,10.57,1256.58,1256.77,0.0000747
5/24/2006,17.36,10.44,1258.57,1258.51,0.000156822
5/25/2006,15.5,11.2,1272.88,1273.25,0.0000474
5/26/2006,14.26,11.28,1280.16,1280.33,0.0000143
5/30/2006,18.66,12.43,1259.84,1260.12,0.000041
5/31/2006,16.44,12.59,1270.09,1270.01,0.000068
6/1/2006,14.52,13.11,1285.71,1285.22,0.0000405
6/2/2006,14.32,13.06,1288.22,1288.03,0.0000545
6/5/2006,16.65,14.28,1265.29,1265.56,0.0000517
6/6/2006,17.34,13.84,1263.85,1263.64,0.0000981
6/7/2006,17.8,14,1256.15,1255.77,0.0000642
6/8/2006,18.35,14.01,1257.93,1257.79,0.000160998
6/9/2006,18.12,14.12,1252.3,1251.87,0.0000585
6/12/2006,20.96,14.07,1236.4,1236.25,0.0000643
6/13/2006,23.81,13.97,1223.69,1223.24,0.000155181
6/14/2006,21.46,14.06,1230.04,1229.7,0.0000893
6/15/2006,15.9,15.79,1256.16,1255.51,0.0000684
6/16/2006,17.25,14.6,1251.54,1251.5,0.0000446
6/19/2006,17.83,14.77,1240.14,1240.07,0.0000542
6/20/2006,16.69,14.69,1240.12,1239.95,0.0000416
6/21/2006,15.52,14.97,1252.21,1252,0.0000398
6/22/2006,15.88,14.99,1245.6,1245.78,0.0000391
6/23/2006,15.89,14.99,1244.5,1244.99,0.0000518
6/26/2006,15.62,14.48,1250.56,1250.66,0.0000263
6/27/2006,16.4,14.69,1239.2,1239.59,0.0000316
6/28/2006,15.79,13.82,1246,1246.38,0.0000297
6/29/2006,13.03,15.46,1272.87,1272.77,0.0000994
6/30/2006,13.08,14.91,1270.2,1271.13,0.0000259
7/3/2006,13.05,15.06,1280.19,1280.19,0.0000117
7/5/2006,14.15,14.04,1270.91,1270.88,0.0000436
7/6/2006,13.65,14.04,1274.08,1273.85,0.0000297
7/7/2006,13.97,14.05,1265.48,1265.44,0.0000323
7/10/2006,14.02,14.06,1267.34,1267.4,0.0000253
7/11/2006,13.14,13.99,1272.52,1272.58,0.0000396
7/12/2006,14.49,13.85,1258.6,1258.75,0.0000292
7/13/2006,17.79,14.15,1242.29,1242.14,0.0000579
7/14/2006,18.05,14.12,1236.2,1236.26,0.0000767
7/17/2006,18.64,12.16,1234.49,1234.2,0.0000487
7/18/2006,17.74,12.15,1236.86,1236.66,0.0000775
7/19/2006,15.55,13.28,1259.81,1259.57,0.0000894
7/20/2006,16.21,13.57,1249.13,1249.22,0.0000344
7/21/2006,17.4,13.4,1240.29,1240.58,0.0000742
7/24/2006,14.98,14.37,1260.91,1260.85,0.0000505
7/25/2006,14.85,14.53,1268.88,1269.08,0.0000565
7/26/2006,14.62,14.46,1268.4,1268.8,0.000045
7/27/2006,14.94,14.21,1263.2,1263.12,0.0000598
7/28/2006,14.33,14.65,1278.55,1278.11,0.0000505
7/31/2006,14.95,12.68,1276.66,1276.48,0.0000209
8/1/2006,15.05,12.75,1270.92,1270.98,0.0000349
8/2/2006,14.34,12.67,1278.55,1277.96,0.0000416
8/3/2006,14.46,12.48,1280.27,1280.1,0.0000558
8/4/2006,14.34,12.47,1279.36,1279.36,0.0000463
8/7/2006,15.23,12.29,1275.77,1276.04,0.0000235
8/8/2006,15.23,12.33,1271.48,1271.62,0.0000704
8/9/2006,15.2,12.37,1265.95,1265.92,0.0000727
8/10/2006,14.46,11.87,1271.81,1271.32,0.000046
8/11/2006,14.3,11.02,1266.74,1266.6,0.0000235
8/14/2006,14.26,10.92,1268.21,1268.2,0.0000468
8/15/2006,13.42,11.78,1285.58,1285.32,0.0000604
8/16/2006,12.41,12.06,1295.43,1295.15,0.0000204
8/17/2006,12.24,10.34,1297.48,1297.52,0.0000176
8/18/2006,11.64,10.03,1302.3,1302.04,0.0000159
8/21/2006,12.22,9.83,1297.52,1298.13,0.0000146
8/22/2006,12.19,8.16,1298.82,1298.74,0.0000179
8/23/2006,12.4,8.07,1292.99,1292.61,0.0000171
8/24/2006,12.4,8.11,1296.06,1296.03,0.0000227
8/25/2006,12.31,7.95,1295.09,1295.32,0.0000148
8/28/2006,12.18,7.14,1301.79,1302.07,0.0000137
8/29/2006,12.28,7.17,1304.28,1304.62,0.0000184
8/30/2006,12.22,7.03,1304.27,1304.42,0.0000159
8/31/2006,12.31,6.83,1303.82,1303.71,0.00000866
9/1/2006,11.96,7.05,1311.01,1310.87,0.0000268
9/5/2006,12.63,7.1,1313.25,1313.57,0.0000107
9/6/2006,13.74,7.86,1300.26,1300.19,0.0000226
9/7/2006,13.88,7.94,1294.02,1294.01,0.0000365
9/8/2006,13.16,7.88,1298.92,1298.81,0.0000178
9/11/2006,12.99,7.74,1299.54,1299.4,0.0000351
9/12/2006,11.92,8.41,1313.11,1312.85,0.0000202
9/13/2006,11.18,8.48,1318.07,1317.92,0.0000128
9/14/2006,11.55,7.23,1316.28,1316.23,0.0000136
9/15/2006,11.76,6.8,1319.87,1319.44,0.0000281
9/18/2006,11.78,6.77,1321.18,1321.37,0.0000171
9/19/2006,11.98,6.73,1318.31,1318.5,0.0000194
9/20/2006,11.39,6.67,1325.18,1325.35,0.0000369
9/21/2006,12.25,6.94,1318.03,1318.07,0.0000333
9/22/2006,12.59,6.79,1314.78,1314.68,0.0000185
9/25/2006,12.12,7.49,1326.37,1326.85,0.0000386
9/26/2006,11.53,7.89,1336.34,1336.48,0.0000289
9/27/2006,11.58,7.69,1336.59,1336.96,0.000033
9/28/2006,11.72,7.67,1339.15,1338.83,0.0000165
9/29/2006,11.98,7.69,1335.85,1335.77,0.0000103
10/2/2006,12.57,7.76,1331.32,1331.6,0.0000155
10/3/2006,12.24,7.59,1334.11,1334.36,0.0000246
10/4/2006,11.86,8.34,1350.22,1349.93,0.0000202
10/5/2006,11.98,7.64,1353.22,1352.95,0.0000132
10/6/2006,11.56,7.5,1349.58,1350.06,0.0000334
10/9/2006,11.68,7.41,1350.66,1350.61,0.000011
10/10/2006,11.52,7.44,1353.42,1353.2,0.0000137
10/11/2006,11.62,6.6,1349.95,1349.89,0.0000266
10/12/2006,11.09,7.25,1362.83,1362.77,0.0000175
10/13/2006,10.75,7.26,1365.62,1365.56,0.00000948
10/16/2006,11.09,7.27,1369.06,1369.14,0.00000562
10/17/2006,11.73,7.35,1364.05,1364.31,0.0000217
10/18/2006,11.34,7.29,1365.96,1365.71,0.0000496
10/19/2006,10.9,7.31,1366.96,1366.94,0.0000131
10/20/2006,10.63,7.05,1368.6,1368.24,0.0000079
10/23/2006,11.08,7.34,1377.02,1376.54,0.0000268
10/24/2006,10.78,6.57,1377.38,1377.22,0.0000276
10/25/2006,10.66,6.17,1382.23,1382.04,0.0000265
10/26/2006,10.56,6.38,1389.09,1388.81,0.000023
10/27/2006,10.8,6.85,1377.34,1378.17,0.0000332
10/30/2006,11.2,6.82,1377.93,1377.81,0.000014
10/31/2006,11.1,6.75,1377.94,1377.33,0.0000259
11/1/2006,11.51,7.06,1367.81,1367.97,0.0000224
11/2/2006,11.42,6.11,1367.34,1366.99,0.0000191
11/3/2006,11.16,6.08,1364.3,1364.67,0.0000385
11/6/2006,11.16,7.13,1379.78,1379.38,0.0000258
11/7/2006,11.09,7.16,1382.84,1382.79,0.0000196
11/8/2006,10.75,7.16,1385.72,1385.79,0.0000401
11/9/2006,11.01,7.28,1378.33,1378.85,0.0000248
11/10/2006,10.79,6.51,1380.9,1380.54,0.0000159
11/13/2006,10.86,6.58,1384.42,1384.55,0.0000159
11/14/2006,10.5,6.85,1393.22,1393.18,0.0000368
11/15/2006,10.31,6.8,1396.57,1396.93,0.0000143
11/16/2006,10.16,6.83,1399.76,1399.67,0.0000205
11/17/2006,10.05,6.82,1401.2,1400.91,0.0000237
11/20/2006,9.97,6.82,1400.5,1400.91,0.000017
11/21/2006,9.9,6.44,1402.81,1402.72,0.00000792
11/22/2006,10.14,6.48,1406.09,1406.06,0.0000124
11/24/2006,10.73,6.52,1400.95,1400.95,0.0000292
11/27/2006,12.3,7.83,1381.9,1382.24,0.0000378
11/28/2006,11.62,7.54,1386.72,1386.58,0.0000401
11/29/2006,10.83,8.13,1399.48,1399.22,0.0000413
11/30/2006,10.91,8.13,1400.63,1400.82,0.0000512
12/1/2006,11.66,7.9,1396.71,1396.4,0.0000573
12/4/2006,11.23,8.5,1409.12,1408.86,0.0000233
12/5/2006,11.27,8.61,1414.76,1414.8,0.0000218
12/6/2006,11.33,7.74,1412.9,1413.01,0.00000979
12/7/2006,12.67,7.82,1407.29,1407.26,0.0000234
12/8/2006,12.07,7.8,1409.84,1409.7,0.0000211
12/11/2006,10.71,7.68,1413.04,1412.8,0.00000865
12/12/2006,10.65,7.68,1411.56,1411.39,0.0000248
12/13/2006,10.18,7.61,1413.21,1413.63,0.0000263
12/14/2006,9.97,7.84,1425.49,1425.29,0.0000201
12/15/2006,10.05,7.81,1427.09,1426.94,0.0000198
12/18/2006,10.6,7.83,1422.48,1422.58,0.0000126
12/19/2006,10.3,7.85,1425.55,1425.63,0.0000303
12/20/2006,10.26,7.87,1423.53,1423.68,0.00000721
12/21/2006,10.53,7.98,1418.3,1418.62,0.0000196
12/22/2006,11.36,8.13,1410.77,1411.35,0.0000212
12/26/2006,11.26,8.18,1416.9,1417.8,0.00000651
12/27/2006,10.64,7.14,1426.84,1427.59,0.0000212
12/28/2006,10.99,7.07,1424.73,1424.71,0.0000109
12/29/2006,11.56,6.57,1418.3,1417.41,0.0000225
1/3/2007,12.04,6.57,1416.6,1416.68,0.0000451
1/4/2007,11.51,6.48,1418.34,1418.23,0.0000423
1/5/2007,12.14,6.01,1409.71,1409.54,0.0000396
1/8/2007,12,5.86,1412.84,1412.77,0.0000337
1/9/2007,11.91,5.85,1412.11,1412.15,0.0000311
1/10/2007,11.47,5.7,1414.85,1414.81,0.0000285
1/11/2007,10.87,6.14,1423.83,1423.75,0.0000152
1/12/2007,10.15,6.27,1430.73,1430.27,0.000013
1/16/2007,10.74,6.27,1431.9,1431.85,0.0000142
1/17/2007,10.59,6.27,1430.62,1430.86,0.0000224
1/18/2007,10.85,5.71,1426.37,1425.67,0.0000249
1/19/2007,10.4,5.82,1430.5,1430.26,0.0000114
1/22/2007,10.77,5.96,1422.96,1422.8,0.0000183
1/23/2007,10.34,6.01,1427.99,1427.85,0.0000191
1/24/2007,9.89,6.65,1440.13,1439.85,0.000017
1/25/2007,11.22,7.53,1423.9,1424.37,0.0000216
1/26/2007,11.13,7.35,1422.18,1422.66,0.0000329
1/29/2007,11.45,7.2,1420.62,1420.74,0.0000206
1/30/2007,10.96,7.05,1428.82,1428.47,0.0000222
1/31/2007,10.42,7.4,1438.24,1438.48,0.0000413
2/1/2007,10.31,7.44,1445.94,1445.71,0.0000223
2/2/2007,10.08,7.46,1448.39,1448.33,0.0000128
2/5/2007,10.55,7.45,1446.99,1447.04,0.00000934
2/6/2007,10.65,7.18,1448,1447.8,0.0000107
2/7/2007,10.32,7.14,1450.02,1449.95,0.0000108
2/8/2007,10.44,7.14,1448.31,1448.41,0.0000276
2/9/2007,11.1,7.52,1438.06,1438.16,0.0000274
2/12/2007,11.61,7.22,1433.37,1433.73,0.000012
2/13/2007,10.34,7.48,1444.26,1444.09,0.000021
2/14/2007,10.23,7.87,1455.3,1455.02,0.0000248
2/15/2007,10.22,7.89,1456.81,1456.9,0.00000935
2/16/2007,10.02,7.79,1455.54,1455.57,0.00000955
2/20/2007,10.24,7.79,1459.68,1459.51,0.0000162
2/21/2007,10.2,7.67,1457.63,1457.37,0.0000297
2/22/2007,10.18,7.6,1456.38,1456.12,0.0000277
2/23/2007,10.58,7.13,1451.19,1451.25,0.0000176
2/26/2007,11.15,6.04,1449.38,1449.83,0.0000244
2/27/2007,18.31,13.72,1399.04,1401.07,0.000280324
2/28/2007,15.42,13.81,1406.82,1406.43,0.000121771
3/1/2007,15.82,13.71,1403.17,1402.96,0.000379914
3/2/2007,18.61,14,1387.17,1386.94,0.0000744
3/5/2007,19.63,14.22,1374.12,1374.26,0.000169461
3/6/2007,15.96,14.93,1395.41,1395.11,0.000113469
3/7/2007,15.24,14.95,1391.97,1391.64,0.0000341
3/8/2007,14.29,15.13,1401.89,1401.19,0.0000746
3/9/2007,14.09,15.13,1402.85,1402.81,0.0000579
3/12/2007,13.99,15.17,1406.6,1406.56,0.0000249
3/13/2007,18.13,16.62,1377.95,1378.1,0.0000897
3/14/2007,17.27,16.75,1387.17,1387.02,0.000161595
3/15/2007,16.43,16.6,1392.28,1392.01,0.0000429
3/16/2007,16.79,16.47,1386.95,1386.72,0.0000292
3/19/2007,14.59,16.88,1402.06,1401.83,0.0000543
3/20/2007,13.27,17.01,1410.94,1410.57,0.0000191
3/21/2007,12.19,17.87,1435.04,1434.59,0.0000663
3/22/2007,12.93,17.86,1434.54,1434.82,0.0000175
3/23/2007,12.95,17.86,1436.11,1436.31,0.0000218
3/26/2007,13.16,17.82,1437.5,1437.07,0.0000504
3/27/2007,13.48,17.94,1428.61,1428.76,0.0000425
3/28/2007,14.98,13.35,1417.23,1417.13,0.0000619
3/29/2007,15.14,13.31,1422.53,1422.55,0.0000792
3/30/2007,14.64,13.3,1420.86,1420.3,0.0000471
4/2/2007,14.53,12.81,1424.55,1424.48,0.0000222
4/3/2007,13.46,12.76,1437.77,1437.41,0.0000424
4/4/2007,13.24,11.9,1439.37,1439.12,0.0000132
4/5/2007,13.23,11.94,1443.76,1443.64,0.00000687
4/9/2007,13.14,11.72,1444.61,1444.48,0.0000116
4/10/2007,12.68,11.74,1448.39,1448.36,0.00001
4/11/2007,13.49,11.91,1438.87,1439.04,0.0000219
4/12/2007,12.71,9.72,1447.8,1447.66,0.0000208
4/13/2007,12.2,9.52,1452.85,1452.87,0.0000188
4/16/2007,11.98,10.12,1468.47,1468.12,0.0000305
4/17/2007,12.14,10.06,1471.48,1471.38,0.0000149
4/18/2007,12.42,9.35,1472.5,1472.22,0.0000164
4/19/2007,12.54,9.1,1470.73,1470.72,0.000042
4/20/2007,12.07,7.93,1484.35,1484.66,0.0000793
4/23/2007,13.04,7.95,1480.93,1481.21,0.0000131
4/24/2007,13.12,7.94,1480.41,1480.53,0.0000228
4/25/2007,13.21,8.55,1495.42,1494.91,0.0000316
4/26/2007,12.79,8.3,1494.25,1494.31,0.0000159
4/27/2007,12.45,7.78,1494.07,1494.21,0.0000211
4/30/2007,14.22,8.1,1482.37,1482.31,0.0000232
5/1/2007,13.51,8.13,1486.3,1486.12,0.000038
5/2/2007,13.08,8.38,1495.92,1496.01,0.0000151
5/3/2007,13.09,7.99,1502.39,1502.29,0.0000201
5/4/2007,12.91,8.03,1505.62,1505.62,0.0000166
5/7/2007,13.15,7.99,1509.48,1509.03,0.0000109
5/8/2007,13.21,7.98,1507.72,1507.79,0.0000251
5/9/2007,12.88,8.01,1512.58,1512.45,0.0000199
5/10/2007,13.6,9,1491.47,1491.76,0.0000451
5/11/2007,12.95,9.36,1505.85,1505.42,0.0000272
5/14/2007,13.96,9.3,1503.15,1503.32,0.0000271
5/15/2007,14.01,8.58,1501.19,1501.66,0.0000535
5/16/2007,13.5,8.98,1514.14,1514.01,0.0000373
5/17/2007,13.51,8.98,1512.75,1512.63,0.00002
5/18/2007,12.76,9.29,1522.75,1522.48,0.000021
5/21/2007,13.3,8.66,1525.1,1524.57,0.0000147
5/22/2007,13.06,8.64,1524.12,1523.91,0.0000191
5/23/2007,13.24,8.67,1522.28,1522.15,0.0000306
5/24/2007,14.08,8.68,1507.51,1507.65,0.0000535
5/25/2007,13.34,8.85,1515.73,1515.8,0.0000309
5/29/2007,13.53,8.88,1518.11,1518.05,0.0000262
5/30/2007,12.83,8.87,1530.23,1530.16,0.0000485
5/31/2007,13.05,8.84,1530.62,1530.43,0.0000172
6/1/2007,12.78,8.63,1536.34,1536.08,0.0000379
6/4/2007,13.29,8.55,1539.18,1539,0.0000127
6/5/2007,13.63,8.65,1530.95,1531.36,0.0000311
6/6/2007,14.87,9.13,1517.38,1517.57,0.0000367
6/7/2007,17.06,11.24,1490.72,1490.52,0.0000744
6/8/2007,14.84,11.84,1507.67,1507.26,0.0000525
6/11/2007,14.71,10.88,1509.12,1508.97,0.0000234
6/12/2007,16.67,10.97,1493,1493.46,0.0000663
6/13/2007,14.73,12.07,1515.67,1515.43,0.0000649
6/14/2007,13.64,12.18,1522.97,1522.78,0.0000239
6/15/2007,13.94,12.12,1532.91,1533.03,0.0000472
6/18/2007,13.42,12.11,1531.05,1531.18,0.0000181
6/19/2007,12.85,11.88,1533.71,1534.02,0.0000183
6/20/2007,14.67,12.9,1512.84,1512.58,0.0000518
6/21/2007,14.21,13.09,1522.19,1521.99,0.0000776
6/22/2007,15.75,13.74,1502.56,1504.07,0.0000808
6/25/2007,16.65,13.44,1497.74,1498.09,0.000108892
6/26/2007,18.89,13.37,1492.89,1493.08,0.0000802
6/27/2007,15.53,13.67,1506.35,1506.8,0.0000708
6/28/2007,15.54,13.42,1505.71,1506.25,0.0000615
6/29/2007,16.23,13.46,1503.35,1502.24,0.0000776
7/2/2007,15.4,14.04,1519.43,1519.22,0.0000326
7/3/2007,14.92,14.07,1524.87,1524.87,0.00001
7/5/2007,15.48,13.99,1525.4,1525.41,0.0000211
7/6/2007,14.72,13.69,1530.44,1530.58,0.0000182
7/9/2007,15.16,12.02,1531.85,1531.99,0.0000155
7/10/2007,17.57,12.39,1510.12,1510.17,0.0000746
7/11/2007,16.64,12.53,1518.76,1518.79,0.000049
7/12/2007,15.54,13.61,1547.7,1547.49,0.0000491
7/13/2007,15.15,12.67,1552.5,1552.16,0.0000188
7/16/2007,15.59,12.57,1549.52,1549.58,0.0000191
7/17/2007,15.63,12.33,1549.37,1549.71,0.0000226
7/18/2007,16,12.36,1546.17,1546.64,0.0000672
7/19/2007,15.23,12.42,1553.08,1552.82,0.0000354
7/20/2007,16.95,12.07,1534.1,1533.94,0.0000804
7/23/2007,16.81,12,1541.57,1540.82,0.0000403
7/24/2007,18.55,13,1511.04,1512.22,0.00011626
7/25/2007,18.1,12.97,1518.09,1517.89,0.000170827
7/26/2007,20.74,14.81,1482.67,1485.79,0.00032732
7/27/2007,24.17,15.99,1458.95,1459.3,0.000187665
7/30/2007,20.87,16.4,1473.91,1472.94,0.000144884
7/31/2007,23.52,16.93,1455.28,1454.71,0.000135028
8/1/2007,23.67,16.62,1465.81,1466.27,0.000279501
8/2/2007,21.22,16.62,1472.2,1471.58,0.000111204
8/3/2007,25.16,18.98,1433.06,1433.49,0.00015964
8/6/2007,22.94,20.64,1467.67,1466.94,0.000231903
8/7/2007,21.56,20.76,1476.71,1476.89,0.000249724
8/8/2007,21.45,20.67,1497.49,1496.94,0.000138603
8/9/2007,26.48,22.59,1453.09,1455.51,0.000481305
8/10/2007,28.3,21.66,1453.64,1452.76,0.00041328
8/13/2007,26.57,21.64,1452.92,1453.01,0.000116435
8/14/2007,27.68,22.44,1426.54,1426.59,0.000154246
8/15/2007,30.67,23.12,1406.7,1406.48,0.000198423
8/16/2007,30.83,23.19,1411.27,1414.5,0.000543302
8/17/2007,29.99,24.56,1445.94,1445.03,0.000507247
8/20/2007,26.33,24.22,1445.55,1445.32,0.000118909
8/21/2007,25.25,24.16,1447.12,1446.86,0.0000977
8/22/2007,22.89,23.52,1464.07,1463.36,0.00013452
8/23/2007,22.62,23.49,1462.5,1462.83,0.0000891
8/24/2007,20.72,22.73,1479.37,1479.18,0.000035
8/27/2007,22.72,21.97,1466.79,1466.89,0.0000381
8/28/2007,26.3,22.96,1432.36,1433.58,0.000062
8/29/2007,23.81,23.61,1463.76,1463.62,0.000112264
8/30/2007,25.06,23.49,1457.64,1457.94,0.000131275
8/31/2007,23.38,23.68,1473.99,1472.68,0.00017591
9/4/2007,22.78,22.22,1489.42,1489.46,0.0000381
9/5/2007,24.58,21.11,1472.29,1471.94,0.000101961
9/6/2007,23.99,21.06,1478.55,1478.27,0.0000564
9/7/2007,26.23,21.41,1453.55,1453.52,0.000193364
9/10/2007,27.38,19.29,1451.7,1451.63,0.000118354
9/11/2007,25.27,19.83,1471.49,1471.66,0.0000806
9/12/2007,24.96,19.82,1471.56,1471.53,0.0000581
9/13/2007,24.76,19.13,1483.95,1483.45,0.0000647
9/14/2007,24.92,18.3,1484.25,1484.23,0.0000682
9/17/2007,26.48,18.25,1476.65,1476.4,0.0000322
9/18/2007,20.35,18.79,1519.78,1519.28,0.000216889
9/19/2007,20.03,18.94,1529.03,1529,0.0000887
9/20/2007,20.45,19.07,1518.75,1518.49,0.0000413
9/21/2007,19,18.83,1525.75,1525.28,0.0000422
9/24/2007,19.37,18.9,1517.74,1517.82,0.0000406
9/25/2007,18.6,18.44,1517.22,1518.2,0.0000495
9/26/2007,17.63,18.21,1525.42,1525.44,0.0000377
9/27/2007,17,16.6,1531.38,1531.55,0.0000283
9/28/2007,18,15.12,1526.75,1526.75,0.000025
10/1/2007,17.84,15.81,1547.04,1546.96,0.0000298
10/2/2007,18.49,15.47,1546.63,1546.33,0.0000186
10/3/2007,18.8,15,1539.6,1539.6,0.0000348
10/4/2007,18.44,14.37,1542.84,1542.93,0.0000146
10/5/2007,16.91,14.65,1557.59,1556.78,0.000051
10/8/2007,17.46,13.41,1552.58,1552.78,0.0000159
10/9/2007,16.12,13.67,1565.15,1565.17,0.0000326
10/10/2007,16.67,12.9,1562.47,1561.75,0.0000271
10/11/2007,18.88,13,1554.41,1554.43,0.0000854
10/12/2007,17.73,12.75,1561.8,1561.65,0.0000322
10/15/2007,19.25,13.05,1548.71,1549.41,0.0000511
10/16/2007,20.02,13.12,1538.53,1538.89,0.0000455
10/17/2007,18.54,9.25,1541.24,1541.29,0.0000842
10/18/2007,18.5,8.93,1540.08,1539.54,0.0000461
10/19/2007,22.96,12.24,1500.63,1500.33,0.000122215
10/22/2007,21.64,12.17,1506.33,1506.77,0.00011225
10/23/2007,20.41,12.44,1519.59,1520,0.0000717
10/24/2007,20.8,12.47,1515.88,1516,0.00019693
10/25/2007,21.17,12.38,1514.41,1514.09,0.000142388
10/26/2007,19.56,13.22,1535.28,1535.22,0.0000654
10/29/2007,19.87,13.21,1540.98,1540.58,0.0000372
10/30/2007,21.07,12.49,1531.02,1531.17,0.000029
10/31/2007,18.53,12.98,1549.38,1548.31,0.00012467
11/1/2007,23.21,15.74,1508.44,1508.15,0.00021001
11/2/2007,23.01,15.74,1509.65,1510.69,0.000203575
11/5/2007,24.31,15.54,1502.17,1501.92,0.000164575
11/6/2007,21.39,16.06,1520.27,1520.75,0.0000778
11/7/2007,26.49,18.92,1475.62,1475.04,0.000197455
11/8/2007,26.16,18.9,1474.77,1474.21,0.000351053
11/9/2007,28.5,19.56,1453.7,1452.49,0.00024354
11/12/2007,31.09,19.75,1439.18,1438.98,0.000175421
11/13/2007,24.1,21.94,1481.05,1480.55,0.000126001
11/14/2007,25.94,22.03,1470.58,1469.5,0.000127305
11/15/2007,28.06,22.43,1451.15,1451.18,0.000142664
11/16/2007,25.49,22.5,1458.74,1457.99,0.000170115
11/19/2007,26.01,21.55,1433.27,1433.89,0.000146542
11/20/2007,24.88,21.55,1439.7,1439.47,0.000295685
11/21/2007,26.84,22.12,1416.77,1415.96,0.000221921
11/23/2007,25.61,22.77,1440.7,1440.7,0.0000919
11/26/2007,28.91,24.1,1407.22,1406.15,0.000127761
11/27/2007,26.28,24.23,1428.23,1428.65,0.000203754
11/28/2007,24.11,26.17,1469.02,1469.19,0.000122908
11/29/2007,23.97,26.1,1469.72,1469.79,0.000112516
11/30/2007,22.87,26.03,1481.14,1481.79,0.000169558
12/3/2007,23.61,24.53,1472.42,1472.52,0.0000758
12/4/2007,23.79,24.61,1462.79,1462.72,0.0000751
12/5/2007,22.53,25.07,1485.01,1484.74,0.000122128
12/6/2007,20.96,25.25,1507.35,1507.29,0.0000419
12/7/2007,20.85,23.04,1504.66,1504.09,0.0000309
12/10/2007,20.74,23.23,1515.96,1516.38,0.0000309
12/11/2007,23.59,24.32,1477.65,1477.29,0.000229471
12/12/2007,22.47,24.21,1486.59,1486.96,0.000456828
12/13/2007,22.56,22.07,1488.41,1489.19,0.000111762
12/14/2007,23.27,22.46,1467.95,1467.96,0.000101281
12/17/2007,24.52,22.65,1445.9,1446.21,0.000103162
12/18/2007,22.64,22.64,1454.98,1453.76,0.000147282
12/19/2007,21.68,21.91,1453,1452.37,0.000098
12/20/2007,20.58,21.94,1460.12,1460.5,0.000071
12/21/2007,18.47,22.2,1484.46,1485.02,0.0000892
12/24/2007,18.6,21.64,1496.45,1496.45,0.0000197
12/26/2007,18.66,20.14,1497.66,1497.42,0.0000213
12/27/2007,20.26,20.01,1476.37,1477.05,0.0000387
12/28/2007,20.74,17.34,1478.49,1477.14,0.0000601
12/31/2007,22.5,17.53,1468.36,1466.72,0.0000374
1/2/2008,23.17,17.9,1447.16,1447.67,0.000110897
1/3/2008,22.49,17.73,1447.16,1446.91,0.0000654
1/4/2008,23.94,19.61,1411.63,1411.19,0.000168769
1/7/2008,23.79,18.95,1416.18,1416.11,0.000190649
1/8/2008,25.43,19.42,1390.19,1389.8,0.000226752
1/9/2008,24.12,19.99,1409.13,1408.93,0.000247833
1/10/2008,23.45,19.92,1420.33,1419.99,0.000353868
1/11/2008,23.68,18.39,1401.02,1401.44,0.000223555
1/14/2008,22.9,18.63,1416.25,1416.19,0.0000922
1/15/2008,23.34,20.58,1380.95,1380.68,0.000148882
1/16/2008,24.38,20.05,1373.2,1373.13,0.000254831
1/17/2008,28.46,21.88,1333.25,1333.5,0.000293375
1/18/2008,27.18,21.86,1325.19,1325.27,0.000368726
1/22/2008,31.01,22.17,1310.5,1311.12,0.001540459
1/23/2008,29.02,23.12,1338.6,1338.76,0.001237207
1/24/2008,27.78,22.37,1352.07,1351.48,0.000295632
1/25/2008,29.08,22.81,1330.61,1330.43,0.000281021
1/28/2008,27.78,23.55,1353.97,1353.06,0.000202138
1/29/2008,27.32,23.12,1362.3,1362,0.000100455
1/30/2008,27.62,23.19,1355.81,1354.59,0.000228548
1/31/2008,26.2,23.81,1378.55,1373.94,0.000492201
2/1/2008,24.02,23.74,1395.42,1395.08,0.0001387
2/4/2008,25.99,24.03,1380.82,1380.71,0.0000676
2/5/2008,28.24,24.93,1336.64,1337.28,0.000331592
2/6/2008,28.97,25.07,1326.45,1326.38,0.000139689
2/7/2008,27.66,24.32,1336.91,1336.52,0.000264292
2/8/2008,28.01,23.9,1331.29,1330.7,0.000157875
2/11/2008,27.6,23.86,1339.13,1338.7,0.000091
2/12/2008,26.33,23.58,1348.86,1348.96,0.000159159
2/13/2008,24.88,23.67,1367.21,1366.21,0.00012989
2/14/2008,25.54,22.43,1348.86,1348.48,0.000118023
2/15/2008,25.02,22.34,1350,1349.66,0.0000741
2/19/2008,25.59,19.9,1348.78,1348.59,0.000136705
2/20/2008,24.4,19.99,1360.03,1360.05,0.000203502
2/21/2008,25.12,20.11,1342.53,1342.33,0.000114426
2/22/2008,24.06,19.16,1353.11,1354.3,0.000153669
2/25/2008,23.03,19.32,1371.8,1371.24,0.000180091
2/26/2008,21.9,18.83,1381.29,1381.49,0.0000995
2/27/2008,22.69,17.9,1380.02,1379.84,0.000117156
2/28/2008,23.53,18.05,1367.68,1367.56,0.000104425
2/29/2008,26.54,20.2,1330.63,1331.29,0.000158593
3/3/2008,26.28,19.31,1331.34,1331.63,0.000120773
3/4/2008,25.52,18.84,1326.75,1327,0.000204854
3/5/2008,24.6,18.57,1333.7,1334.01,0.000161885
3/6/2008,27.55,16.88,1304.34,1304.34,0.000152483
3/7/2008,27.49,16.88,1293.37,1293.09,0.000325887
3/10/2008,29.38,17.37,1273.37,1274.75,0.000149364
3/11/2008,26.36,21.05,1320.65,1320.31,0.000538395
3/12/2008,27.22,21.18,1308.77,1308.93,0.000116115
3/13/2008,27.29,21.09,1315.48,1314.9,0.000407694
3/14/2008,31.16,21.9,1288.14,1288.8,0.000568413
3/17/2008,32.24,21.67,1276.6,1276.48,0.000485996
3/18/2008,25.79,25.72,1330.74,1329.04,0.000568591
3/19/2008,29.84,26.95,1298.42,1298.48,0.000258792
3/20/2008,26.62,28.18,1329.51,1329.99,0.000139272
3/24/2008,25.73,28.34,1349.88,1349.16,0.000112634
3/25/2008,25.72,28.19,1352.99,1352.75,0.0000938
3/26/2008,26.08,28.04,1341.13,1340.75,0.000110686
3/27/2008,25.88,28.17,1325.76,1325.94,0.000126101
3/28/2008,25.71,28.3,1315.22,1314.5,0.0000882
3/31/2008,25.61,28.17,1322.7,1321.92,0.0000843
4/1/2008,22.68,29.41,1370.18,1369.87,0.000180611
4/2/2008,23.43,29.42,1367.53,1367.55,0.0000777
4/3/2008,23.21,29.4,1369.31,1369.21,0.0000784
4/4/2008,22.45,29.34,1370.4,1370.46,0.0000735
4/7/2008,22.42,28.32,1372.54,1372.25,0.000073
4/8/2008,22.36,28.22,1365.54,1365.35,0.0000774
4/9/2008,22.81,27.94,1354.49,1354.5,0.0000506
4/10/2008,21.98,25.26,1360.55,1360.38,0.0000751
4/11/2008,23.46,25.96,1332.83,1333.31,0.000140245
4/14/2008,23.82,25.93,1328.32,1329.04,0.0000504
4/15/2008,22.78,24.96,1334.43,1335.15,0.0000711
4/16/2008,20.53,25.76,1364.71,1363.73,0.000100201
4/17/2008,20.37,21.71,1365.56,1365.57,0.0000596
4/18/2008,20.13,21.3,1390.33,1390.88,0.000264027
4/21/2008,20.5,19.48,1388.17,1388.03,0.0000357
4/22/2008,20.87,19,1375.94,1376.9,0.0000636
4/23/2008,20.26,19.02,1379.93,1380.16,0.0000637
4/24/2008,20.06,18.87,1388.82,1388.83,0.000118603
4/25/2008,19.59,18.64,1397.84,1398.11,0.0000934
4/28/2008,19.64,18.46,1396.37,1396.19,0.0000384
4/29/2008,20.24,18.44,1390.94,1391.63,0.000033
4/30/2008,20.79,13.64,1385.59,1385.08,0.000138681
5/1/2008,18.88,14.92,1409.34,1409.06,0.0000673
5/2/2008,18.18,14.94,1413.9,1413.31,0.000150278
5/5/2008,18.9,15.01,1407.49,1407.76,0.0000456
5/6/2008,18.21,15.26,1418.26,1418.89,0.000072
5/7/2008,19.73,16.53,1392.57,1392.5,0.0000504
5/8/2008,19.4,16.34,1397.68,1397.57,0.0000738
5/9/2008,19.41,16.46,1388.28,1388.35,0.000096
5/12/2008,17.79,15.51,1403.58,1403.36,0.0000361
5/13/2008,17.98,15.46,1403.04,1403.05,0.0000274
5/14/2008,17.66,15.41,1408.66,1407.92,0.0000414
5/15/2008,16.3,14.16,1423.57,1423.2,0.0000484
5/16/2008,16.47,14.16,1425.35,1424.79,0.0000387
5/19/2008,17.01,12.41,1426.63,1426.37,0.0000559
5/20/2008,17.58,12.76,1413.4,1414.17,0.0000656
5/21/2008,18.59,13.75,1390.71,1390.86,0.0000972
5/22/2008,18.05,13.74,1394.35,1393.76,0.0000445
5/23/2008,19.55,14.31,1375.93,1376.12,0.0000627
5/27/2008,19.64,14.29,1385.35,1385.48,0.0000608
5/28/2008,19.07,14.35,1390.84,1390.93,0.0000556
5/29/2008,18.14,14.42,1398.26,1397.95,0.0000455
5/30/2008,17.83,14.3,1400.38,1398.86,0.0000388
6/2/2008,19.83,13.37,1385.67,1385.6,0.0000606
6/3/2008,20.24,13.5,1377.65,1377.25,0.0000766
6/4/2008,20.8,13.42,1377.2,1377.19,0.000105435
6/5/2008,18.63,14.64,1404.05,1403.35,0.0000718
6/6/2008,23.56,17.02,1360.68,1359.9,0.000173483
6/9/2008,23.12,16.98,1361.76,1362.48,0.000107781
6/10/2008,23.18,16.86,1358.44,1357.75,0.000134729
6/11/2008,24.12,17.4,1335.49,1335.56,0.000106296
6/12/2008,23.33,17.45,1339.87,1340.27,0.000120469
6/13/2008,21.22,18.09,1360.03,1359.88,0.000123758
6/16/2008,20.95,17.74,1360.14,1359.89,0.0000683
6/17/2008,21.13,17.88,1350.93,1350.78,0.0000804
6/18/2008,22.24,18.15,1337.81,1338.75,0.000114156
6/19/2008,21.58,17.93,1342.83,1342.87,0.0000745
6/20/2008,22.87,18,1317.93,1317.77,0.000137394
6/23/2008,22.64,17.98,1318,1318.7,0.0000583
6/24/2008,22.42,17.44,1314.29,1314.54,0.0000918
6/25/2008,21.14,17.41,1321.97,1322.4,0.000115434
6/26/2008,23.93,20.37,1283.15,1283.5,0.000133188
6/27/2008,23.44,20.32,1278.38,1279.44,0.000115807
6/30/2008,23.95,20.32,1280,1279.21,0.0000877
7/1/2008,23.65,20.1,1284.91,1284.95,0.000232275
7/2/2008,25.92,20.99,1261.52,1261.66,0.000141375
7/3/2008,24.78,21.01,1262.9,1262.9,0.000173539
7/7/2008,25.78,20.27,1252.31,1251.48,0.000256415
7/8/2008,23.15,18.06,1273.7,1273.51,0.000157624
7/9/2008,25.23,19.75,1244.69,1244.63,0.000131743
7/10/2008,25.59,19.89,1253.39,1253.89,0.000285164
7/11/2008,27.49,19.39,1239.49,1240.13,0.00053287
7/14/2008,28.48,19.64,1228.3,1227.91,0.000231303
7/15/2008,28.54,19.35,1214.91,1214.56,0.000322358
7/16/2008,25.1,21.06,1245.36,1245.31,0.000204254
7/17/2008,25.01,21.31,1260.32,1259.27,0.000178652
7/18/2008,24.05,21.08,1260.68,1260.15,0.0000827
7/21/2008,23.05,21.06,1260,1259.85,0.0000494
7/22/2008,21.18,20.64,1277,1276.69,0.000115804
7/23/2008,21.31,20.68,1282.19,1282.13,0.000135196
7/24/2008,23.44,22.07,1252.54,1253.62,0.0000951
7/25/2008,22.91,21.98,1257.76,1257.49,0.000119533
7/28/2008,24.23,20.21,1234.37,1234.9,0.0000732
7/29/2008,22.03,21.53,1263.2,1262.83,0.0000951
7/30/2008,21.21,22.34,1284.26,1284.02,0.000158796
7/31/2008,22.94,22.67,1267.38,1267.25,0.000124848
8/1/2008,22.57,21.88,1260.31,1260.34,0.00011426
8/4/2008,23.49,22.07,1249.02,1249.01,0.0000701
8/5/2008,21.14,23.78,1284.88,1284.02,0.0000758
8/6/2008,20.23,23.09,1289.19,1289.28,0.0000616
8/7/2008,21.15,22.48,1266.07,1266.76,0.000129972
8/8/2008,20.66,23.59,1296.32,1295.22,0.0000807
8/11/2008,20.12,23.41,1305.32,1304.88,0.0000708
8/12/2008,21.17,23.46,1289.59,1289.76,0.000082
8/13/2008,21.55,23.21,1285.83,1286.01,0.000111441
8/14/2008,20.34,21.73,1292.93,1293.08,0.0000885
8/15/2008,19.58,21.43,1298.2,1297.99,0.0000767
8/18/2008,20.98,21.97,1278.6,1279.47,0.0000825
8/19/2008,21.28,22.25,1266.69,1267.28,0.0000921
8/20/2008,20.42,21.89,1274.54,1274.86,0.000107366
8/21/2008,19.82,21.86,1277.72,1277.51,0.0000977
8/22/2008,18.81,20.84,1292.2,1292.02,0.0000856
8/25/2008,20.97,21.8,1266.84,1267.37,0.0000826
8/26/2008,20.49,20.9,1271.51,1271.35,0.0000677
8/27/2008,19.76,19.7,1281.66,1281.58,0.0000595
8/28/2008,19.43,19.38,1300.68,1299.63,0.0000773
8/29/2008,20.65,19.39,1282.83,1283.28,0.0000562
9/2/2008,21.99,19.32,1277.58,1277.38,0.000151771
9/3/2008,21.43,19.09,1274.98,1275.35,0.000120898
9/4/2008,24.03,19.76,1236.83,1236.67,0.000144937
9/5/2008,23.06,19.78,1242.31,1242.25,0.00016873
9/8/2008,22.64,20.11,1267.79,1267.93,0.000649995
9/9/2008,25.47,22.1,1224.51,1224.94,0.000216012
9/10/2008,24.52,22.04,1232.04,1231.57,0.000183511
9/11/2008,24.39,22.32,1249.05,1249.68,0.00037943
9/12/2008,25.66,22.3,1251.7,1252.27,0.000207841
9/15/2008,31.7,27.95,1192.7,1197.72,0.000914437
9/16/2008,30.3,28.59,1213.59,1213.96,0.001248021
9/17/2008,36.22,32.75,1156.39,1156.08,0.000994296
9/18/2008,33.1,34.88,1206.52,1200.49,0.001633544
9/19/2008,32.07,37.75,1255.08,1252.02,0.001248607
9/22/2008,33.85,39.79,1207.09,1207.21,0.000279006
9/23/2008,35.72,39.93,1188.22,1188,0.000396687
9/24/2008,35.19,39.42,1185.87,1188.83,0.000243316
9/25/2008,32.82,40.32,1209.18,1211.19,0.000279662
9/26/2008,34.74,40.24,1213.01,1215.6,0.000422709
9/29/2008,46.72,52.08,1106.39,1127.65,0.001995155
9/30/2008,39.39,55.58,1166.36,1166.88,0.000651335
10/1/2008,39.81,55.61,1161.07,1162.05,0.000516222
10/2/2008,45.26,57.34,1114.28,1114.45,0.000440958
10/3/2008,45.14,56.47,1099.23,1099.5,0.001085823
10/6/2008,52.05,58.45,1056.89,1062.41,0.001808621
10/7/2008,53.68,61.2,996.23,997.94,0.000907761
10/8/2008,57.53,60.21,984.94,984.24,0.002496454
10/9/2008,63.92,66.26,909.92,917.44,0.00175703
10/10/2008,69.95,66.08,899.22,904.45,0.00774774
10/13/2008,54.99,76.05,1003.35,1006.01,0.001622055
10/14/2008,55.13,74.21,998.01,997.96,0.002743032
10/15/2008,69.25,81.7,907.84,905.81,0.001719586
10/16/2008,67.61,81.45,946.43,945.51,0.003268438
10/17/2008,70.33,80.5,940.55,940.55,0.001844503
10/20/2008,52.97,80.71,985.4,984.94,0.000810359
10/21/2008,53.11,80.45,955.05,954.32,0.000791584
10/22/2008,69.65,82.75,896.78,899.84,0.001436586
10/23/2008,67.8,82.83,908.11,908.9,0.003146875
10/24/2008,79.13,83.44,876.77,875.55,0.00353501
10/27/2008,80.06,84.24,848.92,847.98,0.001906051
10/28/2008,66.96,85.33,940.51,940.27,0.002535561
10/29/2008,69.96,83.26,930.09,922.26,0.002514058
10/30/2008,62.9,83.96,954.09,954.33,0.001360616
10/31/2008,59.89,83.02,968.75,970.91,0.000939878
11/3/2008,53.68,82.93,966.3,966.31,0.000249065
11/4/2008,47.73,82.63,1005.75,1005.25,0.000562269
11/5/2008,54.56,82.6,952.77,952.3,0.000740823
11/6/2008,63.68,84.22,904.88,905.16,0.000671671
11/7/2008,56.1,80.12,930.99,931.09,0.000745573
11/10/2008,59.98,80.2,919.21,919.57,0.000796924
11/11/2008,61.44,71.3,898.95,898.5,0.001131107
11/12/2008,66.46,73.47,852.3,853.32,0.000684559
11/13/2008,59.83,68.88,911.29,913.01,0.00293256
11/14/2008,66.31,69.03,873.29,872.35,0.001793443
11/17/2008,69.15,69.52,850.75,850.14,0.001529568
11/18/2008,67.64,67.78,859.12,858.67,0.001302892
11/19/2008,74.26,70.08,806.58,807.26,0.001172066
11/20/2008,80.86,71.34,752.44,753.56,0.002522109
11/21/2008,72.67,74.08,800.03,800.22,0.003035521
11/24/2008,64.7,75.58,851.81,847.58,0.001382293
11/25/2008,60.9,74.8,857.39,857.32,0.001232864
11/26/2008,54.92,66.64,887.68,887.3,0.000720346
11/28/2008,55.84,66.37,896.24,896.24,0.000136362
12/1/2008,68.51,72.85,816.21,816.49,0.001358098
12/2/2008,62.98,73.85,848.81,849.68,0.001091561
12/3/2008,60.72,74.34,870.74,870.48,0.001103232
12/4/2008,63.64,73.85,845.22,844.84,0.000893849
12/5/2008,59.93,72.41,876.07,877.81,0.001129708
12/8/2008,58.49,71.37,909.7,908.35,0.00076462
12/9/2008,58.91,71.08,888.67,889.16,0.000763913
12/10/2008,55.73,71.08,899.24,899.1,0.000567875
12/11/2008,55.78,71.27,873.59,873.9,0.000572682
12/12/2008,54.28,68.99,879.73,879.81,0.001059959
12/15/2008,56.76,64.97,868.57,869.4,0.000353064
12/16/2008,52.37,65.19,913.18,913.09,0.000623871
12/17/2008,49.84,64.75,904.42,903.92,0.000589598
12/18/2008,47.34,65.05,885.28,885.18,0.000417169
12/19/2008,44.93,61.62,887.88,886.85,0.000408984
12/22/2008,44.56,57.07,871.63,871.47,0.000280599
12/23/2008,45.02,53.44,863.16,863.17,0.000246802
12/24/2008,44.21,49.62,868.15,868.15,0.000034
12/26/2008,43.38,49.48,872.8,872.42,0.0000461
12/29/2008,43.9,47.99,869.42,868.93,0.000121754
12/30/2008,41.63,48.59,890.64,890.41,0.000144186
12/31/2008,40,36.89,903.25,903.71,0.000144779
1/2/2009,39.19,35.69,931.8,930.6,0.00014914
1/5/2009,39.08,34.62,927.45,927.75,0.000217411
1/6/2009,38.56,33.11,934.7,934.42,0.000260097
1/7/2009,43.39,32.29,906.65,906.71,0.000224237
1/8/2009,42.56,29.98,909.73,909.97,0.000237156
1/9/2009,42.82,30.06,890.35,890.01,0.000302631
1/12/2009,45.84,30.82,870.26,870.16,0.000205148
1/13/2009,43.27,29.23,871.79,871.09,0.000340214
1/14/2009,49.14,31.23,842.62,843.13,0.000498719
1/15/2009,51,30.99,843.74,844.05,0.000606661
1/16/2009,46.11,26.04,850.12,849.76,0.0006753
1/20/2009,56.65,31.63,805.22,805.21,0.000690549
1/21/2009,46.42,34.01,840.24,839.96,0.000717795
1/22/2009,47.29,34.37,827.5,827.29,0.001085791
1/23/2009,47.27,33.84,831.95,831.54,0.001092262
1/26/2009,45.69,33.71,836.57,836.67,0.00049418
1/27/2009,42.25,33.91,845.71,845.51,0.000365665
1/28/2009,39.66,35.45,874.09,873.73,0.000586406
1/29/2009,42.63,37.09,845.14,845.05,0.000243812
1/30/2009,44.84,37.03,825.88,826.31,0.000322759
2/2/2009,45.52,36.67,825.44,825.28,0.000404259
2/3/2009,43.06,35.75,838.51,837.83,0.000271808
2/4/2009,43.85,35.83,832.23,832.19,0.000267972
2/5/2009,43.73,36.13,845.85,845.53,0.000440724
2/6/2009,43.37,35.74,868.6,867.95,0.000253451
2/9/2009,43.64,35.73,869.89,869.72,0.000235806
2/10/2009,46.67,38.81,827.16,826.96,0.000670359
2/11/2009,44.53,38.08,833.74,833.34,0.000331722
2/12/2009,41.25,38.08,835.19,834.84,0.000727534
2/13/2009,42.93,36.6,826.84,826.32,0.000318089
2/17/2009,48.66,39.73,789.17,789.41,0.000849774
2/18/2009,48.46,39.68,788.42,788.18,0.000473195
2/19/2009,47.08,35.41,778.94,779.01,0.000396661
2/20/2009,49.3,32.65,770.05,770.25,0.000678163
2/23/2009,52.62,34.47,743.33,743.37,0.000377958
2/24/2009,45.49,36.88,773.14,772.42,0.000560497
2/25/2009,44.67,36.98,764.9,764.88,0.000601877
2/26/2009,44.66,37.16,752.83,752.92,0.000553945
2/27/2009,46.35,36.51,735.09,735.52,0.000873385
3/2/2009,52.65,38.43,700.82,700.95,0.000562764
3/3/2009,50.93,37.71,696.33,696.25,0.000673685
3/4/2009,47.56,38.57,712.87,712.77,0.000497266
3/5/2009,50.17,40.85,682.55,682.74,0.000736288
3/6/2009,49.33,40.77,683.38,683.73,0.00085595
3/9/2009,49.68,40.62,676.53,676.7,0.000567989
3/10/2009,44.37,44.58,719.6,718.07,0.000745282
3/11/2009,43.61,44.61,721.36,721.04,0.000496188
3/12/2009,41.18,43.36,750.74,750.38,0.00030638
3/13/2009,42.36,43.38,756.55,756.11,0.000359861
3/16/2009,43.74,43.39,753.89,753.74,0.000346217
3/17/2009,40.8,44.48,778.12,777.95,0.00036585
3/18/2009,40.06,42.34,794.35,794.26,0.000813197
3/19/2009,43.68,42.61,784.04,783.55,0.000425782
3/20/2009,45.89,43.02,768.54,767.99,0.000296998
3/23/2009,43.23,49.02,822.92,823.33,0.000623033
3/24/2009,42.93,47.95,806.12,806.19,0.000313232
3/25/2009,42.25,46.19,813.88,813.85,0.000568707
3/26/2009,40.36,46.78,832.86,832.42,0.000528305
3/27/2009,41.04,47,815.94,815.89,0.00031528
3/30/2009,45.54,47.85,787.53,788.16,0.00055062
3/31/2009,44.14,45.1,797.87,797.09,0.000309182
4/1/2009,42.28,45.45,811.08,809.95,0.000488213
4/2/2009,42.04,45.79,834.38,833.89,0.000584228
4/3/2009,39.7,43.55,842.5,842.25,0.000236191
4/6/2009,40.93,43.64,835.48,834.92,0.000287437
4/7/2009,40.39,44.24,815.55,815.31,0.000541162
4/8/2009,38.85,39.48,825.16,824.85,0.00022968
4/9/2009,36.53,41.57,856.56,856.91,0.000491242
4/13/2009,37.81,39.39,858.73,858,0.00024844
4/14/2009,37.67,39.82,841.5,841.17,0.000263753
4/15/2009,36.17,40.03,852.06,852.14,0.000166911
4/16/2009,35.79,38.92,865.3,864.98,0.000188181
4/17/2009,33.94,38.29,869.6,869.95,0.000140118
4/20/2009,39.18,40.87,832.39,832.92,0.000424236
4/21/2009,37.14,40.81,850.08,849.67,0.000204726
4/22/2009,38.1,33.2,843.55,843.68,0.0003045
4/23/2009,37.15,32.71,851.92,851.96,0.000255769
4/24/2009,36.82,32.98,866.23,865.76,0.000210487
4/27/2009,38.32,32.11,857.51,857.48,0.000256478
4/28/2009,37.95,31.33,855.16,854.88,0.000199455
4/29/2009,36.08,29.89,873.64,873.02,0.000249391
4/30/2009,36.5,29.75,872.81,872.7,0.000264675
5/1/2009,35.3,29.13,877.52,877.24,0.000151349
5/4/2009,34.53,29.86,907.24,907.85,0.000198877
5/5/2009,33.36,29.72,903.8,903.73,0.000120744
5/6/2009,32.45,30.22,919.53,919.44,0.000316356
5/7/2009,33.44,29.49,907.39,907.4,0.000361852
5/8/2009,32.05,30.39,929.23,929.09,0.000321536
5/11/2009,32.87,28.3,909.24,909.69,0.000185731
5/12/2009,31.8,28.3,908.35,908.49,0.000188492
5/13/2009,33.65,29.1,883.92,884.13,0.000357587
5/14/2009,31.37,28.95,893.07,892.28,0.000164496
5/15/2009,33.12,28.71,882.88,883.43,0.000132287
5/18/2009,30.24,30.25,909.71,909.78,0.000159901
5/19/2009,28.8,26.23,908.13,908.35,0.000140379
5/20/2009,29.03,25.44,903.47,903.24,0.000279861
5/21/2009,31.35,25.93,888.33,888.25,0.000227868
5/22/2009,32.63,25.72,887,887.49,0.000125394
5/26/2009,30.62,26.58,910.33,910.13,0.000191861
5/27/2009,32.36,27.08,893.06,893.11,0.000187523
5/28/2009,31.67,27.52,906.83,906.52,0.0003066
5/29/2009,28.92,27.07,919.14,920.02,0.000209957
6/1/2009,30.04,28.26,942.87,943.91,0.000165865
6/2/2009,29.63,28.19,944.74,944.73,0.000135261
6/3/2009,31.02,25.95,931.76,932.36,0.000146983
6/4/2009,30.18,26.09,942.46,941.92,0.0000802
6/5/2009,29.62,25.35,940.09,940.7,0.000226657
6/8/2009,29.77,24.89,939.14,938.94,0.000156842
6/9/2009,28.27,23.45,942.43,942.13,0.0000953
6/10/2009,28.46,22.36,939.15,939.27,0.000178827
6/11/2009,28.11,22.43,944.89,944.46,0.000142718
6/12/2009,28.15,20.38,946.21,945.92,0.0000967
6/15/2009,30.81,21.81,923.72,924.02,0.000194822
6/16/2009,32.68,22.07,911.97,911.95,0.000108159
6/17/2009,31.54,19.78,910.71,910.86,0.00015535
6/18/2009,30.03,19.91,918.37,918.03,0.0000923
6/19/2009,27.99,19.84,921.23,921.05,0.000092
6/22/2009,31.17,21.44,893.04,893.12,0.000192471
6/23/2009,30.58,21.43,895.1,894.55,0.000159687
6/24/2009,29.05,19.82,900.94,900.84,0.00013884
6/25/2009,26.36,20.26,920.26,919.9,0.000131118
6/26/2009,25.93,19.64,918.9,918.17,0.000099
6/29/2009,25.35,19.11,927.23,927.04,0.0000669
6/30/2009,26.35,17.51,919.32,919.59,0.0000974
7/1/2009,26.22,17.57,923.33,923.15,0.0000846
7/2/2009,27.95,19.7,896.42,897.59,0.000276882
7/6/2009,29,19.44,898.72,898.54,0.0000994
7/7/2009,30.85,20.72,881.03,880.83,0.0000986
7/8/2009,31.3,20.7,879.56,879.61,0.000172253
7/9/2009,29.78,20.69,882.68,882.3,0.000138019
7/10/2009,29.02,20.68,879.13,878.8,0.000131322
7/13/2009,26.31,22.14,901.05,900.76,0.000118926
7/14/2009,25.02,22.24,905.84,905.81,0.000063
7/15/2009,25.89,22.94,932.68,932.62,0.000105441
7/16/2009,25.42,22.7,940.74,940.56,0.0000672
7/17/2009,24.34,22.7,940.38,940.5,0.0000623
7/20/2009,24.4,22.88,951.13,950.7,0.000108459
7/21/2009,23.87,22.88,954.58,954.58,0.000104534
7/22/2009,23.47,20.68,954.07,953.76,0.0000893
7/23/2009,23.43,22.03,976.29,976.05,0.000120533
7/24/2009,23.09,21.95,979.26,979.26,0.0000809
7/27/2009,24.28,20.7,982.18,982.32,0.0000821
7/28/2009,25.01,20.71,979.62,979.73,0.000124147
7/29/2009,25.61,20.51,975.15,975.38,0.000130956
7/30/2009,25.4,20.69,986.75,986.38,0.000219772
7/31/2009,25.92,20.64,987.48,987,0.0000894
8/3/2009,25.56,18.86,1002.63,1002.14,0.000124488
8/4/2009,24.89,18.88,1005.65,1005.47,0.0000706
8/5/2009,24.9,17.51,1002.72,1002.57,0.0000975
8/6/2009,25.67,17.59,997.08,996.99,0.0000871
8/7/2009,24.76,18.1,1010.48,1010.58,0.000150128
8/10/2009,24.99,18.09,1007.1,1007.37,0.0000562
8/11/2009,25.99,16.82,994.35,994.35,0.0000724
8/12/2009,25.45,17.09,1005.81,1005.48,0.0000992
8/13/2009,24.71,14.13,1012.73,1012.44,0.000102775
8/14/2009,24.27,14.1,1004.09,1004.17,0.0000762
8/17/2009,27.89,16.6,979.73,979.72,0.000218618
8/18/2009,26.18,16.5,989.67,989.51,0.0000503
8/19/2009,26.26,16.7,996.46,996.71,0.000103998
8/20/2009,25.09,17.05,1007.37,1007.22,0.0000306
8/21/2009,25.01,16.56,1026.13,1025.83,0.0000946
8/24/2009,25.14,16.49,1025.57,1025.7,0.0000897
8/25/2009,24.92,16.48,1028,1027.94,0.00010047
8/26/2009,24.95,16.46,1028.12,1028.14,0.0000851
8/27/2009,24.68,16.44,1030.98,1031.09,0.0000673
8/28/2009,24.76,16,1028.93,1029.2,0.0000921
8/31/2009,26.01,16.23,1020.63,1020.94,0.0000686
9/1/2009,29.15,17.32,998.04,997.87,0.00013772
9/2/2009,28.9,17.32,994.75,994.47,0.0000975
9/3/2009,27.1,17.51,1003.24,1002.77,0.0000627
9/4/2009,25.26,18.09,1016.4,1016.25,0.0000559
9/8/2009,25.62,17.78,1025.39,1025.08,0.0000706
9/9/2009,24.32,17.96,1033.37,1033.23,0.0000495
9/10/2009,23.55,17.71,1044.14,1043.94,0.0000478
9/11/2009,24.15,17.3,1042.73,1042.62,0.0000631
9/14/2009,23.86,17.18,1049.34,1049.07,0.0000729
9/15/2009,23.42,16.96,1052.63,1052.64,0.0000646
9/16/2009,23.69,15.39,1068.76,1068.63,0.0000582
9/17/2009,23.65,15.05,1065.48,1066.23,0.0000755
9/18/2009,23.92,14.78,1068.3,1067.84,0.000049
9/21/2009,24.06,14.4,1064.66,1064.69,0.000120424
9/22/2009,23.08,13.08,1071.66,1071.44,0.0000482
9/23/2009,23.49,13.47,1060.87,1060.97,0.0000938
9/24/2009,24.95,13.89,1050.78,1050.53,0.000113148
9/25/2009,25.61,14.02,1044.38,1044.9,0.0000996
9/28/2009,24.88,15.16,1062.98,1062.78,0.0000688
9/29/2009,25.19,15.18,1060.61,1060.45,0.0000918
9/30/2009,25.61,15.01,1057.08,1055.67,0.000152273
10/1/2009,28.27,15.3,1029.85,1029.45,0.000115535
10/2/2009,28.68,15.33,1025.21,1024.97,0.000168437
10/5/2009,26.84,15.93,1040.46,1040.23,0.0000854
10/6/2009,25.7,15.93,1054.72,1054.76,0.000124969
10/7/2009,24.68,15.7,1057.59,1057.49,0.0000651
10/8/2009,24.18,15.67,1065.48,1065.13,0.0000605
10/9/2009,23.12,15.4,1071.49,1071.51,0.0000252
10/12/2009,23.01,15.47,1076.19,1076.05,0.0000359
10/13/2009,22.99,15.36,1073.19,1073.75,0.00006
10/14/2009,22.86,16.43,1092.02,1092.31,0.0000893
10/15/2009,21.72,15.65,1096.56,1096.06,0.0000342
10/16/2009,21.43,15.82,1087.68,1087.85,0.000115238
10/19/2009,21.49,16.11,1097.91,1097.64,0.0000332
10/20/2009,20.9,16.22,1091.06,1091.19,0.0000683
10/21/2009,22.22,16.36,1081.4,1081.22,0.00010353
10/22/2009,20.69,16.39,1092.91,1092.5,0.0000721
10/23/2009,22.27,16.49,1079.6,1079.73,0.000136207
10/26/2009,24.31,16.89,1066.95,1066.96,0.000182677
10/27/2009,24.83,15.88,1063.42,1063.35,0.00017515
10/28/2009,27.91,17.21,1042.63,1042.63,0.000133505
10/29/2009,24.76,18.58,1066.11,1065.33,0.0000938
10/30/2009,30.69,19.34,1036.2,1035.83,0.000256231
11/2/2009,29.78,19.42,1042.88,1042.48,0.000307522
11/3/2009,28.81,18.77,1045.41,1044.8,0.00018543
11/4/2009,27.72,18.15,1046.5,1046.21,0.000178085
11/5/2009,25.43,19.2,1066.63,1066.64,0.000103263
11/6/2009,24.19,19.05,1069.3,1069.16,0.000106992
11/9/2009,23.15,20.5,1093.08,1093.12,0.0000518
11/10/2009,22.84,20.44,1093.01,1093.01,0.0000444
11/11/2009,23.04,20.5,1098.51,1098.67,0.0000726
11/12/2009,24.24,19.9,1087.24,1087.23,0.0000813
11/13/2009,23.36,19.96,1093.48,1093.49,0.0000582
11/16/2009,22.89,20.43,1109.3,1109.28,0.000105344
11/17/2009,22.41,20.2,1110.32,1110.27,0.0000543
11/18/2009,21.63,20.09,1109.8,1109.68,0.0000476
11/19/2009,22.63,20.34,1094.9,1095,0.000100595
11/20/2009,22.19,20.08,1091.38,1091.6,0.000043
11/23/2009,21.16,20.18,1106.24,1106.13,0.000111414
11/24/2009,20.47,19.74,1105.65,1105.69,0.0000432
11/25/2009,20.48,19.76,1110.63,1110.27,0.0000184
11/27/2009,24.85,19.63,1091.49,1091.49,0.000370464
11/30/2009,24.51,18.35,1095.63,1095.74,0.0000584
12/1/2009,21.92,15.86,1108.86,1108.78,0.0000983
12/2/2009,21.12,15.68,1109.23,1108.94,0.0000457
12/3/2009,22.46,15.9,1099.92,1100.01,0.0000713
12/4/2009,21.25,16.01,1105.98,1105.67,0.000225621
12/7/2009,22.1,14.74,1103.25,1103.17,0.0000449
12/8/2009,23.69,15.12,1091.94,1091.83,0.000112965
12/9/2009,22.66,13,1095.95,1095.58,0.0000596
12/10/2009,22.32,13.15,1102.35,1102.3,0.0000508
12/11/2009,21.59,13.14,1106.41,1106.5,0.0000353
12/14/2009,21.15,12.9,1114.11,1114.09,0.0000291
12/15/2009,21.49,12.89,1107.93,1107.91,0.0000415
12/16/2009,20.54,11.9,1109.18,1109.6,0.0000488
12/17/2009,22.51,12.63,1096.08,1096.63,0.0000555
12/18/2009,21.68,12.8,1102.47,1103.14,0.0000342
12/21/2009,20.49,12.55,1114.05,1114.14,0.0000648
12/22/2009,19.54,12.56,1118.02,1118.35,0.0000223
12/23/2009,19.71,11.81,1120.59,1120.46,0.0000159
12/24/2009,19.47,11.96,1126.48,1126.48,0.0000126
12/28/2009,19.93,11.88,1127.78,1127.85,0.0000123
12/29/2009,20.01,10.09,1126.2,1126.09,0.0000119
12/30/2009,19.96,9.94,1126.42,1126.07,0.0000255
12/31/2009,21.68,9.66,1115.1,1114.81,0.0000195
1/4/2010,20.04,11.08,1132.98,1133.05,0.0000707
1/5/2010,19.35,10.76,1136.52,1136.41,0.0000299
1/6/2010,19.16,10.57,1137.14,1136.99,0.0000199
1/7/2010,19.06,10.62,1141.7,1141.48,0.0000286
1/8/2010,18.13,10.09,1144.98,1144.7,0.0000262
1/11/2010,17.55,10.04,1146.98,1147.01,0.0000322
1/12/2010,18.25,10.32,1136.22,1136.13,0.00005
1/13/2010,17.85,10.6,1145.68,1145.75,0.000038
1/14/2010,17.63,10.41,1148.46,1148.34,0.0000213
1/15/2010,17.91,10.99,1136.03,1135.92,0.000032
1/19/2010,17.58,11.78,1150.23,1150.39,0.0000211
1/20/2010,18.68,11.59,1138.04,1138,0.0000837
1/21/2010,22.27,13.27,1116.48,1116.08,0.000156672
1/22/2010,27.31,14.97,1091.76,1091.51,0.000128301
1/25/2010,25.41,15.04,1096.79,1096.72,0.000133514
1/26/2010,24.55,15.1,1092.17,1092.19,0.0000906
1/27/2010,23.14,15.08,1097.5,1097.41,0.000102442
1/28/2010,23.73,15.62,1084.53,1084.33,0.000178618
1/29/2010,24.62,16.01,1073.87,1073.45,0.000142416
2/1/2010,22.59,16.73,1089.19,1089.05,0.0001126
2/2/2010,21.48,17.04,1103.32,1103.15,0.0000504
2/3/2010,21.6,16.26,1097.28,1097.18,0.0000591
2/4/2010,26.08,19.64,1063.11,1062.78,0.000207235
2/5/2010,26.11,19.67,1066.19,1066.21,0.000251318
2/8/2010,26.51,19.86,1056.74,1056.76,0.000101809
2/9/2010,26,20.36,1070.52,1070.54,0.000262093
2/10/2010,25.4,20.36,1068.14,1068.15,0.0000864
2/11/2010,23.96,20.39,1078.47,1078.61,0.000111368
2/12/2010,22.73,20.19,1075.51,1076.7,0.000183083
2/16/2010,22.25,20.94,1094.87,1094.94,0.0000612
2/17/2010,21.72,20.62,1099.51,1099.51,0.0000557
2/18/2010,20.63,20.32,1106.75,1106.55,0.000034
2/19/2010,20.02,19.99,1109.17,1108.72,0.0000475
2/22/2010,19.94,18.79,1108.02,1107.67,0.0000375
2/23/2010,21.37,17.61,1094.6,1094.7,0.0000857
2/24/2010,20.27,17.81,1105.24,1105.06,0.0000799
2/25/2010,20.1,17.75,1102.94,1103.18,0.000169549
2/26/2010,19.5,17.67,1104.49,1104.55,0.0000417
3/1/2010,19.26,17.55,1115.71,1115.56,0.0000408
3/2/2010,19.06,17.2,1118.31,1118.02,0.0000429
3/3/2010,18.83,16.5,1118.79,1118.65,0.0000279
3/4/2010,18.72,15.87,1122.97,1122.68,0.0000333
3/5/2010,17.42,16.52,1138.7,1138.56,0.0000315
3/8/2010,17.79,12.27,1138.51,1138.27,0.0000191
3/9/2010,17.92,12.24,1140.45,1140.38,0.0000281
3/10/2010,18.57,11.96,1145.61,1145.5,0.0000431
3/11/2010,18.06,11.12,1150.24,1150.07,0.0000286
3/12/2010,17.58,11.1,1149.99,1149.86,0.0000252
3/15/2010,18,10.59,1150.51,1150.26,0.0000329
3/16/2010,17.69,10.91,1159.46,1159.53,0.00003
3/17/2010,16.91,9.58,1166.21,1166.19,0.0000332
3/18/2010,16.62,9.47,1165.83,1165.6,0.0000214
3/19/2010,16.97,9.36,1159.9,1159.36,0.0000366
3/22/2010,16.87,9.54,1165.81,1165.93,0.0000383
3/23/2010,16.35,9.89,1174.17,1174.13,0.000028
3/24/2010,17.55,9.13,1167.72,1167.83,0.0000351
3/25/2010,18.4,8.56,1165.73,1165.83,0.0000724
3/26/2010,17.77,8.55,1166.59,1166.64,0.0000455
3/29/2010,17.59,8.79,1173.22,1173.25,0.0000328
3/30/2010,17.13,8.04,1173.27,1173.28,0.0000316
3/31/2010,17.59,8.08,1169.43,1169.53,0.0000435
4/1/2010,17.47,8.4,1178.1,1177.89,0.000067
4/5/2010,17.02,8.79,1187.44,1187.48,0.00002
4/6/2010,16.23,7.31,1189.44,1189.47,0.0000192
4/7/2010,16.62,7.55,1182.45,1182.56,0.0000394
4/8/2010,16.48,7.6,1186.44,1186.52,0.0000359
4/9/2010,16.14,7.77,1194.37,1194.34,0.0000267
4/12/2010,15.58,7.68,1196.48,1196.54,0.0000221
4/13/2010,16.2,7.69,1197.3,1197.2,0.0000224
4/14/2010,15.59,8.52,1210.65,1210.58,0.0000234
4/15/2010,15.89,8.1,1211.67,1211.64,0.0000173
4/16/2010,18.36,9.65,1192.13,1192.27,0.000148067
4/19/2010,17.34,9.77,1197.52,1197.51,0.0000466
4/20/2010,15.73,9.99,1207.18,1207.31,0.000034
4/21/2010,16.32,9.83,1205.95,1205.6,0.0000347
4/22/2010,16.47,9.54,1208.67,1208.85,0.000102359
4/23/2010,16.62,9.62,1217.28,1217.04,0.0000541
4/26/2010,17.47,9.69,1212.05,1212.07,0.0000352
4/27/2010,22.81,12.8,1183.71,1183.52,0.000139181
4/28/2010,21.08,12.87,1191.36,1191.66,0.000100923
4/29/2010,18.44,13.55,1206.78,1206.76,0.0000635
4/30/2010,22.05,14.65,1186.69,1186.32,0.0000944
5/3/2010,20.19,15.14,1202.26,1202.2,0.0000588
5/4/2010,23.84,17.07,1173.6,1173.78,0.000217892
5/5/2010,24.91,17.21,1165.9,1165.7,0.000178455
5/6/2010,32.8,20.28,1128.15,1127.45,0.001645051
5/7/2010,40.95,21.16,1110.89,1110.56,0.000821675
5/10/2010,28.84,25.82,1159.73,1159.69,0.000961248
5/11/2010,28.32,25.84,1155.79,1155.74,0.000154495
5/12/2010,25.52,26.29,1171.67,1171.54,0.0000826
5/13/2010,26.68,26.38,1157.44,1157.25,0.0000831
5/14/2010,31.24,27.17,1135.68,1136.08,0.000239872
5/17/2010,30.84,26.58,1136.94,1137.04,0.000208388
5/18/2010,33.55,26.95,1120.8,1120.87,0.000239032
5/19/2010,35.32,26.87,1115.05,1114.84,0.000329383
5/20/2010,45.79,30.17,1071.59,1071.65,0.000613168
5/21/2010,40.1,30.59,1087.69,1087.86,0.00048299
5/24/2010,38.32,30.86,1073.65,1073.45,0.000142595
5/25/2010,34.61,30.84,1074.03,1073.84,0.000569504
5/26/2010,35.02,29.73,1067.95,1068.05,0.000262541
5/27/2010,29.68,31.67,1103.06,1103.27,0.000270811
5/28/2010,32.07,31.7,1089.41,1089.35,0.000235269
6/1/2010,35.54,31.74,1070.71,1070.58,0.00020163
6/2/2010,30.17,32.66,1098.38,1098.56,0.000102704
6/3/2010,29.46,31.6,1102.83,1102.7,0.000130109
6/4/2010,35.48,33.78,1064.88,1065.12,0.000334536
6/7/2010,36.57,32.31,1050.47,1050.48,0.000142734
6/8/2010,33.7,31.9,1062,1061.92,0.000273197
6/9/2010,33.73,28.23,1055.69,1055.71,0.000169604
6/10/2010,30.57,29.99,1086.84,1086.9,0.000380985
6/11/2010,28.79,29.64,1091.6,1091.6,0.000108588
6/14/2010,28.58,29.33,1089.63,1089.62,0.0000976
6/15/2010,25.87,29.65,1115.23,1115.09,0.0000705
6/16/2010,25.92,29.65,1114.61,1114.46,0.0000768
6/17/2010,25.05,29.28,1116.04,1115.91,0.0000772
6/18/2010,23.95,29.21,1117.51,1117.35,0.0000364
6/21/2010,24.88,25.8,1113.2,1113.32,0.000103341
6/22/2010,27.05,25.88,1095.31,1095.45,0.000111481
6/23/2010,26.91,25.48,1092.04,1092.14,0.000145014
6/24/2010,29.74,26.17,1073.69,1073.63,0.000147061
6/25/2010,28.53,26.15,1076.77,1077.9,0.000136352
6/28/2010,29,23.67,1074.57,1074.39,0.0000706
6/29/2010,34.13,25.79,1041.24,1041.15,0.000340688
6/30/2010,34.54,25.4,1030.71,1030.3,0.000114272
7/1/2010,32.86,23.8,1027.37,1027.3,0.00026465
7/2/2010,30.12,23.83,1022.58,1022.17,0.000189893
7/6/2010,29.65,20.57,1028.06,1028.1,0.000227281
7/7/2010,26.84,22.8,1060.27,1060.17,0.000106483
7/8/2010,25.71,22.81,1070.24,1070.07,0.000116049
7/9/2010,24.98,22.86,1077.96,1077.9,0.0000563
7/12/2010,24.43,20.46,1078.75,1078.67,0.0000772
7/13/2010,24.56,21.03,1095.34,1095.11,0.000126312
7/14/2010,24.89,21.03,1095.17,1095.25,0.000076
7/15/2010,25.14,19.52,1096.48,1096.16,0.000104197
7/16/2010,26.25,21.89,1064.88,1064.94,0.000126581
7/19/2010,25.97,21.97,1071.25,1071.24,0.000091
7/20/2010,23.93,22.27,1083.48,1083.37,0.00013621
7/21/2010,25.64,22.66,1069.59,1069.51,0.000120984
7/22/2010,24.63,23.27,1093.67,1093.55,0.000213366
7/23/2010,23.47,23.44,1102.66,1102.57,0.000104735
7/26/2010,22.73,22.98,1115.01,1114.77,0.0000489
7/27/2010,23.19,22.92,1113.84,1113.74,0.000068
7/28/2010,24.25,23.04,1106.13,1106.18,0.0000556
7/29/2010,24.13,20.21,1101.53,1101.61,0.000120996
7/30/2010,23.5,19.85,1101.6,1101.76,0.000157556
8/2/2010,22.01,21.25,1125.86,1125.74,0.000109957
8/3/2010,22.63,21.25,1120.46,1120.22,0.0000466
8/4/2010,22.21,21.28,1127.24,1127.26,0.0000455
8/5/2010,22.1,18.3,1125.82,1125.75,0.0000584
8/6/2010,21.74,18.02,1121.64,1121.43,0.0000803
8/9/2010,22.14,17.98,1127.79,1127.62,0.0000254
8/10/2010,22.37,18.11,1121.06,1121.31,0.0000845
8/11/2010,25.39,19.83,1089.47,1089.87,0.000333429
8/12/2010,25.73,19.95,1083.61,1083.56,0.0000769
8/13/2010,26.24,19.99,1079.25,1079.38,0.0000466
8/16/2010,26.1,17.37,1079.38,1079.28,0.0000776
8/17/2010,24.33,17.8,1092.54,1092.49,0.0000771
8/18/2010,24.59,17.43,1094.16,1094.21,0.0000613
8/19/2010,26.44,17.93,1075.63,1075.37,0.000152665
8/20/2010,25.49,16.26,1071.69,1071.67,0.0000721
8/23/2010,25.66,16.03,1067.36,1067.28,0.000074
8/24/2010,27.46,16.43,1051.87,1051.77,0.000153408
8/25/2010,26.7,16.47,1055.33,1055.45,0.000100809
8/26/2010,27.37,16.49,1047.22,1047.65,0.000103956
8/27/2010,24.45,17.41,1064.59,1064.63,0.000131548
8/30/2010,27.21,18.11,1048.92,1048.79,0.000058
8/31/2010,26.05,16.41,1049.33,1048.29,0.000179817
9/1/2010,23.89,19.35,1080.29,1080.18,0.000333374
9/2/2010,23.19,19.51,1090.1,1090.02,0.0000287
9/3/2010,21.31,19.98,1104.51,1104.48,0.000102485
9/7/2010,23.8,20.32,1091.84,1091.84,0.0000691
9/8/2010,23.25,20.34,1098.87,1098.9,0.0000561
9/9/2010,22.81,20.29,1104.18,1104.23,0.0000984
9/10/2010,21.99,17.97,1109.55,1109.54,0.0000211
9/13/2010,21.21,18.22,1121.9,1121.87,0.0000621
9/14/2010,21.56,18.16,1121.1,1121.04,0.0000453
9/15/2010,22.1,18.23,1125.07,1125.22,0.0000466
9/16/2010,21.72,17.7,1124.66,1124.87,0.0000279
9/17/2010,22.01,17.7,1125.59,1125.52,0.0000406
9/20/2010,21.5,17.48,1142.71,1142.64,0.0000353
9/21/2010,22.35,17.45,1139.78,1140.09,0.0000589
9/22/2010,22.51,17.5,1134.28,1134.48,0.0000527
9/23/2010,23.87,16.98,1124.83,1125.01,0.0000697
9/24/2010,21.71,18.46,1148.67,1148.37,0.0000776
9/27/2010,22.54,18.35,1142.16,1142.56,0.0000309
9/28/2010,22.6,17.48,1147.7,1147.55,0.0000642
9/29/2010,23.25,16.78,1144.73,1144.47,0.0000662
9/30/2010,23.7,16.8,1141.2,1141.27,0.000129366
10/1/2010,22.5,13.28,1146.24,1146.1,0.0000929
10/4/2010,23.53,13.15,1137.03,1137.02,0.0000475
10/5/2010,21.76,14.21,1160.75,1160.41,0.0000894
10/6/2010,21.49,13.65,1159.97,1159.66,0.0000336
10/7/2010,21.56,13.47,1158.06,1157.83,0.0000481
10/8/2010,20.71,13.5,1165.15,1164.69,0.0000344
10/11/2010,18.96,13.4,1165.32,1164.86,0.0000206
10/12/2010,18.93,12.96,1169.77,1169.74,0.0000628
10/13/2010,19.07,13.19,1178.1,1178.2,0.0000452
10/14/2010,19.88,13.16,1173.81,1173.52,0.0000544
10/15/2010,19.03,13.18,1176.19,1176.16,0.0000626
10/18/2010,19.09,13.4,1184.71,1184.38,0.0000278
10/19/2010,20.63,13.53,1165.9,1165.98,0.000156986
10/20/2010,19.79,14.03,1178.17,1178.07,0.0000739
10/21/2010,19.27,13.92,1180.27,1180.17,0.0000792
10/22/2010,18.78,13.61,1183.08,1182.56,0.0000207
10/25/2010,19.85,11.5,1185.62,1185.43,0.0000638
10/26/2010,20.22,11.38,1185.64,1185.4,0.0000524
10/27/2010,20.71,11.31,1182.45,1182.4,0.0000565
10/28/2010,20.88,11.27,1183.78,1183.54,0.0000539
10/29/2010,21.2,11.23,1183.26,1183.62,0.0000317
11/1/2010,21.83,11.14,1184.39,1184.22,0.0000584
11/2/2010,21.57,11.18,1193.57,1193.6,0.0000374
11/3/2010,19.56,8.86,1197.96,1197.88,0.0000849
11/4/2010,18.52,11.08,1221.06,1220.92,0.000125684
11/5/2010,18.26,11.14,1225.85,1225.43,0.000034
11/8/2010,18.29,10.99,1223.25,1223.1,0.0000252
11/9/2010,19.08,11.31,1213.4,1213.08,0.0000456
11/10/2010,18.47,11.3,1218.71,1218.54,0.0000445
11/11/2010,18.64,11.1,1213.54,1213.74,0.0000679
11/12/2010,20.61,11.74,1199.21,1199.13,0.0000699
11/15/2010,20.2,11.74,1197.75,1197.44,0.0000414
11/16/2010,22.58,12.7,1178.34,1178.34,0.000123625
11/17/2010,21.76,11.36,1178.59,1178.67,0.0000394
11/18/2010,18.75,11.97,1196.69,1196.35,0.000079
11/19/2010,18.04,11.99,1199.73,1199.68,0.0000277
11/22/2010,18.37,11.97,1197.84,1197.85,0.0000781
11/23/2010,20.63,12.94,1180.73,1181.03,0.000103749
11/24/2010,19.56,13.96,1198.35,1198.42,0.0000689
11/26/2010,22.22,14.51,1189.4,1189.4,0.0000358
11/29/2010,21.53,14.53,1187.76,1188.18,0.000147615
11/30/2010,23.54,14.66,1180.55,1180.72,0.0000838
12/1/2010,21.36,16.41,1206.07,1205.83,0.000137011
12/2/2010,19.39,16.76,1221.53,1221.4,0.0000235
12/3/2010,18.01,16.74,1224.71,1224.52,0.0000263
12/6/2010,18.02,15.36,1223.12,1223.12,0.0000154
12/7/2010,17.99,15.31,1223.75,1223.62,0.0000807
12/8/2010,17.74,15.35,1228.28,1228.03,0.0000294
12/9/2010,17.25,15.17,1233,1232.83,0.0000311
12/10/2010,17.61,15.25,1240.4,1239.83,0.0000116
12/13/2010,17.55,15.2,1240.46,1240.51,0.0000225
12/14/2010,17.61,14.66,1241.59,1241.68,0.0000191
12/15/2010,17.94,14.73,1235.23,1235.67,0.0000243
12/16/2010,17.39,13.84,1242.87,1242.88,0.0000331
12/17/2010,16.11,13.84,1243.91,1244.14,0.0000125
12/20/2010,16.41,12.8,1247.08,1247.12,0.0000134
12/21/2010,16.49,12.93,1254.6,1254.64,0.00000455
12/22/2010,15.45,12.97,1258.84,1258.8,0.00000552
12/23/2010,16.47,11.97,1256.77,1256.73,0.0000075
12/27/2010,17.67,10.77,1257.54,1257.61,0.000011
12/28/2010,17.52,9.99,1258.51,1258.67,0.00000537
12/29/2010,17.28,9.97,1259.78,1260.02,0.00000669
12/30/2010,17.52,9.79,1257.88,1258.06,0.0000092
12/31/2010,17.75,6.42,1257.64,1258.02,0.00000954
1/3/2011,17.61,5.77,1271.87,1271.36,0.0000852
1/4/2011,17.38,5.71,1270.2,1269.97,0.0000197
1/5/2011,17.02,5.98,1276.56,1276.66,0.0000193
1/6/2011,17.4,6.03,1273.85,1273.88,0.0000255
1/7/2011,17.14,5.95,1271.5,1271.48,0.0000479
1/10/2011,17.54,5.79,1269.75,1270.09,0.0000525
1/11/2011,16.89,5.59,1274.48,1274.38,0.0000305
1/12/2011,16.24,6.34,1285.96,1285.85,0.0000306
1/13/2011,16.39,6.36,1283.76,1283.68,0.0000181
1/14/2011,15.46,6.61,1293.24,1292.99,0.0000167
1/18/2011,15.87,6.35,1295.02,1295.04,0.0000152
1/19/2011,17.31,7.28,1281.92,1282.04,0.0000238
1/20/2011,17.99,7.25,1280.26,1280.37,0.0000555
1/21/2011,18.47,7,1283.35,1283.33,0.0000376
1/24/2011,17.65,7.19,1290.84,1290.77,0.0000153
1/25/2011,17.59,7.17,1291.18,1291.26,0.0000379
1/26/2011,16.64,7.32,1296.63,1296.67,0.0000329
1/27/2011,16.15,7.34,1299.54,1299.52,0.0000202
1/28/2011,20.04,9.66,1276.34,1276.38,0.0000632
1/31/2011,19.53,10.03,1286.12,1285.95,0.000037
2/1/2011,17.63,11.48,1307.59,1307.22,0.0000472
2/2/2011,17.3,11,1304.03,1303.88,0.0000206
2/3/2011,16.69,11.02,1307.1,1307.13,0.0000364
2/4/2011,15.93,10.93,1310.87,1310.64,0.0000312
2/7/2011,16.28,11.1,1319.05,1318.74,0.0000182
2/8/2011,15.81,11.17,1324.57,1324.49,0.0000149
2/9/2011,15.87,11.2,1320.88,1320.86,0.000024
2/10/2011,16.09,11.13,1321.87,1321.77,0.0000509
2/11/2011,15.69,10.92,1329.15,1329.33,0.0000248
2/14/2011,15.95,10.93,1332.32,1332.22,0.000012
2/15/2011,16.37,10.72,1328.01,1327.9,0.0000242
2/16/2011,16.72,10.9,1336.32,1336.28,0.0000366
2/17/2011,16.59,10.35,1340.43,1340.35,0.0000158
2/18/2011,16.43,10.37,1343.01,1342.91,0.0000144
2/22/2011,20.8,12.55,1315.45,1315.43,0.000145804
2/23/2011,22.13,12.55,1307.4,1307.58,0.0000884
2/24/2011,21.32,12.56,1306.1,1306.06,0.0000839
2/25/2011,19.22,12.99,1319.88,1319.99,0.0000447
2/28/2011,18.35,13.12,1327.22,1327.69,0.0000306
3/1/2011,21.01,12.89,1306.33,1306.4,0.0000697
3/2/2011,20.7,12.6,1308.44,1308.43,0.0000504
3/3/2011,18.6,12.74,1330.97,1330.92,0.0000907
3/4/2011,19.06,12.98,1321.15,1320.93,0.0000578
3/7/2011,20.66,13.25,1310.13,1310.29,0.000073
3/8/2011,19.82,13.55,1321.82,1322.03,0.0000465
3/9/2011,20.22,13.39,1320.03,1319.95,0.0000622
3/10/2011,21.88,14.83,1295.11,1295.3,0.000203014
3/11/2011,20.08,15,1304.28,1304.23,0.0000509
3/14/2011,21.13,15.13,1296.39,1296.35,0.0000825
3/15/2011,24.32,15.47,1281.87,1281.76,0.000525927
3/16/2011,29.4,16.94,1256.88,1256.86,0.000200389
3/17/2011,26.37,17.5,1273.71,1273.36,0.000181485
3/18/2011,24.44,17.45,1279.21,1279.16,0.000134069
3/21/2011,20.61,18.16,1298.38,1298.11,0.000137544
3/22/2011,20.21,18.19,1293.77,1293.61,0.0000255
3/23/2011,19.17,16.77,1297.54,1297.48,0.0000344
3/24/2011,18,16.96,1309.66,1309.71,0.0000277
3/25/2011,17.91,16.99,1313.8,1313.8,0.0000204
3/28/2011,19.44,16.61,1310.19,1310.41,0.0000148
3/29/2011,18.16,16.64,1319.44,1319.38,0.0000206
3/30/2011,17.71,15.79,1328.26,1328.26,0.000028
3/31/2011,17.74,15.78,1325.83,1326.04,0.0000171
4/1/2011,17.4,14.72,1332.41,1332.12,0.0000297
4/4/2011,17.5,14.48,1332.87,1332.72,0.0000179
4/5/2011,17.25,14.22,1332.63,1332.71,0.0000188
4/6/2011,16.9,13.92,1335.54,1335.57,0.0000201
4/7/2011,17.11,13.92,1333.51,1333.34,0.0000694
4/8/2011,17.87,12.37,1328.17,1328.01,0.0000275
4/11/2011,16.59,12.18,1324.46,1324.41,0.0000304
4/12/2011,17.09,12.27,1314.16,1314.07,0.0000642
4/13/2011,16.92,11.66,1314.41,1314.35,0.0000576
4/14/2011,16.27,9.37,1314.52,1314.79,0.0000462
4/15/2011,15.32,8.3,1319.68,1319.71,0.0000255
4/18/2011,16.96,9.07,1305.14,1305.14,0.000137726
4/19/2011,15.83,7.7,1312.62,1312.46,0.0000263
4/20/2011,15.07,9.01,1330.36,1330.43,0.0000678
4/21/2011,14.69,9.11,1337.39,1337.18,0.0000179
4/25/2011,15.77,8.53,1335.25,1335.11,0.0000129
4/26/2011,15.62,9.02,1347.24,1347.14,0.0000226
4/27/2011,15.35,9.23,1355.66,1355.62,0.0000245
4/28/2011,14.62,9.05,1360.48,1360.37,0.0000151
4/29/2011,14.75,8.75,1363.61,1363.49,0.00000858
5/2/2011,15.99,8.75,1361.22,1361.07,0.0000301
5/3/2011,16.7,8.71,1356.62,1356.39,0.0000345
5/4/2011,17.08,9.03,1347.32,1347.14,0.0000627
5/5/2011,18.2,9.58,1335.1,1334.9,0.0000997
5/6/2011,18.4,9.64,1340.2,1340,0.000143893
5/9/2011,17.16,9.73,1346.3,1346.22,0.0000298
5/10/2011,15.91,10.09,1357.16,1357.19,0.0000172
5/11/2011,16.95,10.79,1342.08,1341.98,0.0000513
5/12/2011,16.03,10.63,1348.65,1348.66,0.000053
5/13/2011,17.07,10.97,1337.77,1337.81,0.0000449
5/16/2011,18.24,11.18,1329.47,1329.62,0.000048
5/17/2011,17.55,11.11,1328.98,1328.93,0.000068
5/18/2011,16.23,10.79,1340.68,1340.53,0.0000292
5/19/2011,15.52,10.65,1343.6,1343.38,0.0000371
5/20/2011,17.43,9.85,1333.27,1333.06,0.0000394
5/23/2011,18.27,10.56,1317.37,1317.39,0.00021506
5/24/2011,17.82,10.55,1316.28,1316.32,0.0000341
5/25/2011,17.07,10.14,1320.47,1320.56,0.0000406
5/26/2011,16.09,10.02,1325.69,1325.94,0.000042
5/27/2011,15.98,10.05,1331.1,1331.07,0.0000347
5/31/2011,15.45,10.63,1345.2,1345.12,0.000118839
6/1/2011,18.3,13.24,1314.55,1314.59,0.0000612
6/2/2011,18.09,13.19,1312.94,1312.88,0.0000704
6/3/2011,17.95,13.4,1300.16,1300.1,0.000158294
6/6/2011,18.49,13.56,1286.17,1286.14,0.0000444
6/7/2011,18.07,13.49,1284.94,1285.09,0.0000567
6/8/2011,18.79,13.49,1279.56,1279.52,0.0000551
6/9/2011,17.77,13.4,1289,1289.31,0.0000254
6/10/2011,18.86,13.69,1270.98,1271.5,0.0000917
6/13/2011,19.61,13.59,1271.83,1271.92,0.0000533
6/14/2011,18.26,14.07,1287.87,1288,0.000109059
6/15/2011,21.32,15.29,1265.42,1265.33,0.000136434
6/16/2011,22.73,15.32,1267.64,1267.66,0.0000771
6/17/2011,21.85,15.06,1271.5,1271.35,0.000117306
6/20/2011,19.99,15.15,1278.36,1278.4,0.0000396
6/21/2011,18.86,15.6,1295.52,1295.48,0.0000355
6/22/2011,18.52,15.19,1287.14,1287.44,0.0000363
6/23/2011,19.29,15.22,1283.5,1283.73,0.000359236
6/24/2011,21.1,15.72,1268.45,1268.98,0.0000508
6/27/2011,20.56,15.96,1280.1,1280.18,0.0000424
6/28/2011,19.17,16.5,1296.67,1296.8,0.0000321
6/29/2011,17.27,16.38,1307.41,1307.66,0.0000478
6/30/2011,16.52,14.7,1320.64,1320.59,0.0000406
7/1/2011,15.87,15.54,1339.67,1339.47,0.0000497
7/5/2011,16.06,15.19,1337.88,1338.15,0.0000359
7/6/2011,16.34,14.71,1339.23,1339.23,0.0000269
7/7/2011,15.95,15.16,1353.22,1353.45,0.0000717
7/8/2011,15.95,15.33,1343.8,1343.8,0.000110885
7/11/2011,18.39,16.36,1319.49,1319.49,0.000155307
7/12/2011,19.87,15.68,1313.64,1313.7,0.0000741
7/13/2011,19.91,15.73,1317.72,1317.81,0.0000772
7/14/2011,20.8,15.28,1308.87,1308.83,0.0000936
7/15/2011,19.53,14.05,1316.14,1316.4,0.0000963
7/18/2011,20.95,14.32,1305.44,1305.48,0.0000857
7/19/2011,19.21,15.35,1326.73,1326.62,0.0000887
7/20/2011,19.09,15.24,1325.84,1325.9,0.0000255
7/21/2011,17.56,15.28,1343.8,1343.91,0.000092
7/22/2011,17.52,15.13,1345.02,1344.93,0.0000229
7/25/2011,19.35,15.22,1337.43,1337.51,0.00009
7/26/2011,20.23,14.73,1331.94,1332.16,0.0000247
7/27/2011,22.98,16.08,1304.89,1305.09,0.000118914
7/28/2011,23.74,15.5,1300.67,1300.89,0.0000449
7/29/2011,25.25,15.42,1292.28,1292.23,0.00021068
8/1/2011,23.66,15.15,1286.94,1286.92,0.000309059
8/2/2011,24.79,16.86,1254.05,1254.14,0.000136279
8/3/2011,23.38,16.96,1260.34,1260.43,0.00021308
8/4/2011,31.66,24.16,1200.07,1200.18,0.000439652
8/5/2011,32,23.88,1199.38,1199.24,0.001086143
8/8/2011,48,33.33,1119.46,1120.11,0.001055063
8/9/2011,35.06,36.23,1172.53,1172.85,0.001560723
8/10/2011,42.99,39.58,1120.76,1120.32,0.00157342
8/11/2011,39,42.52,1172.64,1171.35,0.000744635
8/12/2011,36.36,42.5,1178.81,1178.83,0.000388692
8/15/2011,31.87,43.07,1204.49,1204.24,0.000179644
8/16/2011,32.85,43.09,1192.76,1192.71,0.000303357
8/17/2011,31.58,42.73,1193.89,1193.7,0.000138275
8/18/2011,42.67,45.35,1140.65,1140.85,0.001005259
8/19/2011,43.05,45.47,1123.53,1123.57,0.000416377
8/22/2011,42.44,45.47,1123.82,1122.78,0.000525425
8/23/2011,36.27,46.84,1162.35,1162.03,0.000239484
8/24/2011,35.9,47.05,1177.6,1177.5,0.000187288
8/25/2011,39.76,46.81,1159.27,1159.26,0.000373276
8/26/2011,35.59,47.04,1176.8,1176.57,0.000366259
8/29/2011,32.28,48,1210.09,1209.89,0.000279512
8/30/2011,32.89,47.98,1212.92,1213.03,0.000217645
8/31/2011,31.62,47.17,1218.89,1218.52,0.000193399
9/1/2011,31.82,47.29,1204.42,1203.96,0.000215656
9/2/2011,33.92,44.98,1173.97,1173.94,0.000464547
9/6/2011,37,45.05,1165.24,1165.42,0.000803643
9/7/2011,33.38,39.67,1198.62,1198.4,0.000203626
9/8/2011,34.32,36.68,1185.9,1185.86,0.000189328
9/9/2011,38.52,34.23,1154.23,1154.24,0.000383216
9/12/2011,38.59,30.54,1162.27,1162.27,0.000298579
9/13/2011,36.91,30.64,1172.87,1173.02,0.000165346
9/14/2011,34.6,30.12,1188.68,1188.71,0.000228761
9/15/2011,31.97,30.47,1209.11,1208.71,0.000165076
9/16/2011,30.98,30.55,1216.01,1215.94,0.000119767
9/19/2011,32.73,26.72,1204.09,1203.88,0.000369298
9/20/2011,32.86,26.11,1202.09,1202.45,0.000113531
9/21/2011,37.32,28.27,1166.76,1166.21,0.000226138
9/22/2011,41.35,28.1,1129.56,1129.86,0.001117344
9/23/2011,41.25,27.76,1136.43,1136.06,0.00027744
9/26/2011,39.02,28.5,1162.95,1163.03,0.000320309
9/27/2011,37.71,28.37,1175.38,1175.83,0.000487079
9/28/2011,41.08,27.61,1151.06,1151.27,0.000244573
9/29/2011,38.84,27.74,1160.4,1160.15,0.000562028
9/30/2011,42.96,29,1131.42,1131.37,0.00050491
10/3/2011,45.45,30.54,1099.23,1098.92,0.000451201
10/4/2011,40.82,30.13,1123.95,1123.63,0.000726724
10/5/2011,37.81,30.7,1144.03,1143.87,0.000284387
10/6/2011,36.27,29.79,1164.97,1164.78,0.000182321
10/7/2011,36.2,29.69,1155.46,1155.53,0.000204718
10/10/2011,33.02,30.64,1194.89,1194.86,0.000362561
10/11/2011,32.86,30.58,1195.54,1195.71,0.000130331
10/12/2011,31.26,30.55,1207.25,1207.34,0.00016873
10/13/2011,30.7,30.2,1203.66,1203.53,0.000169595
10/14/2011,28.24,30.29,1224.58,1223.92,0.000221676
10/17/2011,33.39,31.03,1200.86,1201.02,0.000141992
10/18/2011,31.56,31.63,1225.38,1224.89,0.000231354
10/19/2011,34.44,31.92,1209.88,1210.04,0.000137423
10/20/2011,34.78,30.06,1215.39,1215.29,0.000210007
10/21/2011,31.32,28.76,1238.25,1238.39,0.000196009
10/24/2011,29.26,29.03,1254.2,1254.21,0.0000641
10/25/2011,32.22,28.62,1229.05,1228.93,0.000215562
10/26/2011,29.86,28.57,1242,1241.96,0.000311208
10/27/2011,25.46,29.99,1284.59,1284.12,0.000661697
10/28/2011,24.53,29.86,1285.09,1284.97,0.0000864
10/31/2011,29.96,29.91,1253.3,1253.96,0.000236722
11/1/2011,34.77,29.65,1218.28,1218.45,0.000965693
11/2/2011,32.74,29.16,1237.9,1237.87,0.000325579
11/3/2011,30.5,29.14,1261.16,1261.18,0.000250124
11/4/2011,30.16,28.57,1253.23,1253.34,0.000154034
11/7/2011,29.85,28.52,1261.12,1260.73,0.0000945
11/8/2011,27.48,26.31,1275.92,1275.97,0.000124093
11/9/2011,36.16,29.35,1229.1,1229.32,0.000592221
11/10/2011,32.81,29.33,1239.69,1239.66,0.000270022
11/11/2011,30.04,30.06,1263.86,1264.09,0.000185863
11/14/2011,31.13,29.64,1251.78,1251.54,0.0000798
11/15/2011,31.22,28.82,1257.81,1257.82,0.000103883
11/16/2011,33.51,28.54,1236.91,1235.67,0.000243937
11/17/2011,34.51,28.76,1216.13,1216.37,0.000203281
11/18/2011,32,28.72,1215.65,1215.82,0.0000921
11/21/2011,32.91,28.73,1192.98,1193.17,0.000328937
11/22/2011,31.97,28.44,1188.04,1188.15,0.000123801
11/23/2011,33.98,28.63,1161.79,1162.31,0.000222209
11/25/2011,34.47,28.49,1158.67,1158.67,0.0000736
11/28/2011,32.13,28.27,1192.55,1192.85,0.000789978
11/29/2011,30.64,28.28,1195.19,1195.44,0.0000787
11/30/2011,27.8,30.47,1246.96,1246.96,0.000708845
12/1/2011,27.41,28.93,1244.58,1244.09,0.0000687
12/2/2011,27.52,28.41,1244.28,1244.2,0.000110857
12/5/2011,27.84,27.95,1257.08,1257.11,0.000265907
12/6/2011,28.13,27.88,1258.47,1258.78,0.0000512
12/7/2011,28.67,27.82,1261.01,1261.1,0.00012137
12/8/2011,30.59,28.46,1234.35,1234.69,0.000163823
12/9/2011,26.38,25.94,1255.19,1254.97,0.000119367
12/12/2011,25.67,26.28,1236.47,1237.23,0.00021021
12/13/2011,25.41,25.63,1225.73,1225.29,0.000184924
12/14/2011,26.04,25.69,1211.82,1211.78,0.000130025
12/15/2011,25.11,25.65,1215.75,1215.9,0.000148203
12/16/2011,24.29,25.01,1219.66,1219.79,0.000116094
12/19/2011,24.92,24.69,1205.35,1205.23,0.0000906
12/20/2011,23.22,26.73,1241.31,1240.76,0.000316731
12/21/2011,21.43,25.89,1243.72,1243.16,0.0000711
12/22/2011,21.16,26.01,1254,1254.24,0.0000285
12/23/2011,20.73,25.08,1265.33,1265.42,0.0000221
12/27/2011,21.91,24.99,1265.43,1265.6,0.0000214
12/28/2011,23.52,22.75,1249.64,1250,0.0000389
12/29/2011,22.65,22.99,1263.02,1262.76,0.0000304
12/30/2011,23.4,18.04,1257.61,1257.91,0.0000172
1/3/2012,22.97,18.82,1277.06,1276.78,0.000304984
1/4/2012,22.22,18.82,1277.3,1277.3,0.0000389
1/5/2012,21.48,18.47,1281.06,1281.01,0.0000652
1/6/2012,20.63,18.49,1277.81,1277.9,0.0000335
1/9/2012,21.07,18.49,1280.7,1280.59,0.0000197
1/10/2012,20.69,17.27,1292.08,1291.96,0.000127429
1/11/2012,21.05,16.3,1292.48,1292.25,0.0000408
1/12/2012,20.47,15.47,1295.5,1295.43,0.0000411
1/13/2012,20.91,15.23,1289.09,1289.11,0.000104544
1/17/2012,22.2,14.8,1293.67,1293.59,0.0000878
1/18/2012,20.89,15.22,1308.04,1307.65,0.0000387
1/19/2012,19.87,15.31,1314.5,1314.44,0.0000297
1/20/2012,18.28,14.81,1315.38,1315.27,0.0000178
1/23/2012,18.67,10.68,1316,1315.92,0.0000296
1/24/2012,18.91,10.67,1314.66,1314.45,0.000049
1/25/2012,18.31,10.66,1326.05,1325.81,0.0000577
1/26/2012,18.57,10.37,1318.43,1318.52,0.0000488
1/27/2012,18.53,10.38,1316.33,1316.65,0.000032
1/30/2012,19.4,9.51,1313.01,1312.94,0.000121719
1/31/2012,19.44,8.88,1312.41,1312.45,0.000079
2/1/2012,18.55,9.28,1324.09,1324.12,0.0000856
2/2/2012,17.98,7.57,1325.54,1325.55,0.0000221
2/3/2012,17.1,9.02,1344.9,1344.59,0.0000966
2/6/2012,17.76,8.97,1344.33,1344.08,0.0000362
2/7/2012,17.65,8.97,1347.05,1347.18,0.0000298
2/8/2012,18.16,8.98,1349.96,1350.06,0.0000224
2/9/2012,18.63,8.43,1351.95,1352.04,0.0000323
2/10/2012,20.79,8.81,1342.64,1342.49,0.0000936
2/13/2012,19.04,9.07,1351.77,1351.64,0.0000469
2/14/2012,19.54,8.92,1350.5,1350.34,0.0000317
2/15/2012,21.14,9.04,1343.23,1343.41,0.000054
2/16/2012,19.22,9.16,1358.04,1357.97,0.0000301
2/17/2012,17.78,9.02,1361.23,1361.33,0.0000209
2/21/2012,18.19,9.02,1362.21,1362.27,0.0000299
2/22/2012,18.19,9.09,1357.66,1357.61,0.0000246
2/23/2012,16.8,9.2,1363.46,1363.36,0.0000199
2/24/2012,17.31,8.75,1365.74,1365.78,0.0000169
2/27/2012,18.19,8.58,1367.59,1367.81,0.0000688
2/28/2012,17.96,8.64,1372.18,1372.28,0.0000258
2/29/2012,18.43,8.76,1365.68,1366.07,0.0000444
3/1/2012,17.26,9.03,1374.09,1374.02,0.0000553
3/2/2012,17.29,8.55,1369.63,1369.52,0.0000248
3/5/2012,18.05,8.65,1364.34,1364.26,0.0000321
3/6/2012,20.87,8.87,1343.36,1343.39,0.000129222
3/7/2012,19.07,9.2,1352.63,1352.8,0.000025
3/8/2012,17.95,9.76,1365.91,1366.04,0.0000635
3/9/2012,17.11,9.8,1370.87,1371.11,0.0000226
3/12/2012,15.64,9.78,1371.09,1371.17,0.0000203
3/13/2012,14.8,11.34,1395.95,1396.06,0.0000455
3/14/2012,15.31,11.1,1394.28,1394.25,0.0000218
3/15/2012,15.42,11.27,1402.6,1402.54,0.0000242
3/16/2012,14.47,11.11,1404.17,1404.3,0.0000147
3/19/2012,15.04,10.46,1409.75,1409.64,0.0000166
3/20/2012,15.58,10.47,1405.52,1405.5,0.0000558
3/21/2012,15.13,10.49,1402.9,1403.12,0.0000191
3/22/2012,15.57,10.74,1392.79,1392.96,0.0000655
3/23/2012,14.82,10.71,1397.11,1397.4,0.0000182
3/26/2012,14.26,11.66,1416.51,1416.58,0.0000728
3/27/2012,15.59,11.68,1412.52,1412.61,0.0000145
3/28/2012,15.47,11.77,1405.54,1405.3,0.0000334
3/29/2012,15.48,11.64,1403.28,1403.08,0.0000652
3/30/2012,15.5,11.51,1408.47,1408.27,0.0000341
4/2/2012,15.64,11.75,1419.04,1418.78,0.0000224
4/3/2012,15.66,11.76,1413.38,1412.96,0.000054
4/4/2012,16.44,11.04,1398.96,1399.03,0.000104392
4/5/2012,16.7,10.76,1398.08,1397.9,0.0000289
4/9/2012,18.81,10.94,1382.2,1382.21,0.000156307
4/10/2012,20.39,12.4,1358.59,1358.78,0.0000652
4/11/2012,20.02,12.68,1368.71,1369.01,0.00010079
4/12/2012,17.2,11.98,1387.57,1387.32,0.0000232
4/13/2012,19.55,12.75,1370.26,1370.42,0.0000524
4/16/2012,19.55,12.61,1369.57,1369.7,0.0000965
4/17/2012,18.46,13.66,1390.78,1390.42,0.0000704
4/18/2012,18.64,13.67,1385.14,1385.13,0.0000456
4/19/2012,18.36,13.79,1376.92,1376.84,0.0000827
4/20/2012,17.44,13.79,1378.53,1378.37,0.0000403
4/23/2012,18.97,13.86,1366.94,1366.93,0.000157374
4/24/2012,18.1,13.88,1371.97,1372.13,0.0000316
4/25/2012,16.82,13.88,1390.69,1390.79,0.000132933
4/26/2012,16.24,14.03,1399.98,1400.14,0.0000226
4/27/2012,16.32,13.94,1403.36,1403.63,0.0000278
4/30/2012,17.15,14.02,1397.91,1397.8,0.000024
5/1/2012,16.6,14.13,1405.82,1406.01,0.0000483
5/2/2012,16.88,13.93,1402.31,1402.24,0.0000515
5/3/2012,17.56,14.1,1391.57,1391.51,0.0000401
5/4/2012,19.16,14.8,1369.1,1368.98,0.0000712
5/7/2012,18.94,14.79,1369.58,1369.71,0.0000454
5/8/2012,19.05,14.36,1363.72,1363.62,0.000102372
5/9/2012,20.08,13.24,1354.58,1354.32,0.00018674
5/10/2012,18.83,12.98,1357.99,1357.55,0.000103074
5/11/2012,19.89,12.17,1353.39,1353.57,0.00007
5/14/2012,21.87,11.94,1338.35,1338.32,0.0000874
5/15/2012,21.97,12.12,1330.66,1330.62,0.0000623
5/16/2012,22.27,11,1324.8,1324.8,0.000079
5/17/2012,24.49,12.15,1304.86,1305.37,0.000086
5/18/2012,25.1,12.27,1295.22,1294.96,0.0000879
5/21/2012,22.01,13.49,1315.99,1315.89,0.0000544
5/22/2012,22.48,13.17,1316.63,1316.93,0.0000861
5/23/2012,22.33,13.1,1318.86,1318.73,0.000116506
5/24/2012,21.54,12.27,1320.68,1320.78,0.000081
5/25/2012,21.76,12.08,1317.82,1317.57,0.0000361
5/29/2012,21.03,12.71,1332.42,1332.42,0.0000697
5/30/2012,24.14,13.63,1313.32,1313.2,0.000126004
5/31/2012,24.06,13.47,1310.33,1310.51,0.0000877
6/1/2012,26.66,16.02,1278.05,1277.78,0.00022367
6/4/2012,26.12,15.81,1278.18,1277.79,0.0000722
6/5/2012,24.68,14.93,1285.5,1285.36,0.0000539
6/6/2012,22.16,16.91,1315.13,1314.88,0.0000896
6/7/2012,21.72,16.84,1314.99,1314.99,0.000143345
6/8/2012,21.23,16.91,1325.66,1325.36,0.0000496
6/11/2012,23.56,17.4,1308.93,1308.88,0.0000838
6/12/2012,22.09,17.81,1324.18,1324.13,0.0000826
6/13/2012,24.27,17.6,1314.88,1314.71,0.0000854
6/14/2012,21.68,17.87,1329.1,1328.71,0.0000892
6/15/2012,21.11,18.12,1342.84,1342.6,0.0000357
6/18/2012,18.32,17.33,1344.78,1344.8,0.0000721
6/19/2012,18.38,17.44,1357.98,1358.02,0.0000581
6/20/2012,17.24,16.51,1355.69,1355.68,0.0000766
6/21/2012,20.08,18.31,1325.51,1325.51,0.0000677
6/22/2012,18.11,18.49,1335.02,1335.46,0.0000426
6/25/2012,20.38,19.33,1313.72,1313.74,0.000176859
6/26/2012,19.72,19.38,1319.99,1320.18,0.0000486
6/27/2012,19.45,19.2,1331.85,1331.88,0.0000414
6/28/2012,19.71,18.51,1329.04,1328.82,0.000127259
6/29/2012,17.08,20.51,1362.16,1362.17,0.000244701
7/2/2012,16.8,18.56,1365.51,1365.12,0.0000509
7/3/2012,16.66,18.71,1374.02,1374.02,0.0000148
7/5/2012,17.5,18.65,1367.58,1367.69,0.0000334
7/6/2012,17.1,17.22,1354.68,1354.67,0.000103369
7/9/2012,17.98,17.22,1352.46,1352.51,0.0000246
7/10/2012,18.72,17.27,1341.47,1341.36,0.0000767
7/11/2012,17.95,16.76,1341.46,1341.27,0.0000567
7/12/2012,18.33,16.35,1334.76,1334.93,0.000100816
7/13/2012,16.74,17.05,1356.78,1356.66,0.0000501
7/16/2012,17.11,16.65,1353.64,1353.65,0.0000275
7/17/2012,16.48,16.48,1363.67,1363.47,0.0000907
7/18/2012,16.16,16.65,1372.78,1372.72,0.0000284
7/19/2012,15.45,16.35,1376.51,1376.34,0.000036
7/20/2012,16.27,16.68,1362.66,1362.97,0.0000552
7/23/2012,18.62,15.07,1350.52,1350.33,0.000278236
7/24/2012,20.47,15.15,1338.31,1338.33,0.0000765
7/25/2012,19.34,14.06,1337.89,1338.07,0.0000598
7/26/2012,17.53,15.03,1360.02,1359.89,0.000305836
7/27/2012,16.7,16.08,1385.97,1386.03,0.0000834
7/30/2012,18.03,16.06,1385.3,1385.24,0.0000343
7/31/2012,18.93,13.53,1379.32,1379.17,0.000035
8/1/2012,18.96,13.54,1375.14,1375.43,0.0000684
8/2/2012,17.57,13.58,1365,1364.93,0.000129825
8/3/2012,15.64,15.04,1390.99,1391.03,0.000209664
8/6/2012,15.95,14.66,1394.23,1394.32,0.0000189
8/7/2012,15.99,14.74,1401.35,1401.09,0.0000339
8/8/2012,15.32,14.45,1402.22,1402.17,0.0000257
8/9/2012,15.28,14.45,1402.8,1402.64,0.0000184
8/10/2012,14.74,14.38,1405.87,1405.56,0.000039
8/13/2012,13.7,13.32,1404.11,1404.34,0.0000215
8/14/2012,14.85,13.3,1403.93,1403.97,0.0000237
8/15/2012,14.63,13.1,1405.53,1405.43,0.0000118
8/16/2012,14.29,13.11,1415.51,1415.52,0.0000134
8/17/2012,13.45,13.08,1418.16,1418.04,0.000007
8/20/2012,14.02,12.63,1418.13,1418.06,0.000014
8/21/2012,15.02,12.22,1413.17,1413.31,0.0000339
8/22/2012,15.11,11.83,1413.49,1413.54,0.0000371
8/23/2012,15.96,12.14,1402.08,1402.36,0.0000398
8/24/2012,15.18,10.99,1411.13,1411.01,0.0000269
8/27/2012,16.35,8.87,1410.44,1410.33,0.0000172
8/28/2012,16.49,8.87,1409.3,1409.29,0.0000255
8/29/2012,17.06,8.67,1410.49,1410.56,0.000012
8/30/2012,17.83,9.03,1399.48,1399.69,0.0000476
8/31/2012,17.47,8.79,1406.58,1406.65,0.000112748
9/4/2012,17.98,5.76,1404.94,1405.16,0.0000293
9/5/2012,17.74,5.71,1403.43,1403.24,0.0000196
9/6/2012,15.6,8.81,1432.12,1431.91,0.0000766
9/7/2012,14.38,8.93,1437.92,1437.78,0.0000113
9/10/2012,16.28,9.15,1429.08,1429.18,0.0000112
9/11/2012,16.41,9.17,1433.57,1433.65,0.000015
9/12/2012,15.8,9.21,1436.56,1436.7,0.000026
9/13/2012,14.05,10.77,1459.99,1459.95,0.0000603
9/14/2012,14.51,10.84,1465.77,1465.58,0.0000482
9/17/2012,14.59,10.6,1461.19,1461.17,0.0000147
9/18/2012,14.18,10.59,1459.32,1459.43,0.0000185
9/19/2012,13.88,10.6,1461.05,1461.18,0.0000239
9/20/2012,14.07,10.55,1460.26,1460.38,0.0000442
9/21/2012,13.98,10.55,1460.15,1460.2,0.0000304
9/24/2012,14.15,10.21,1456.89,1457.09,0.0000343
9/25/2012,15.43,10.69,1441.59,1441.87,0.0000342
9/26/2012,16.81,10.85,1433.32,1433.57,0.0000359
9/27/2012,14.84,11.3,1447.15,1447.23,0.0000337
9/28/2012,15.73,11.46,1440.67,1440.45,0.0000407
10/1/2012,16.32,11.19,1444.49,1444.29,0.0000919
10/2/2012,15.71,11.1,1445.75,1445.61,0.0000498
10/3/2012,15.43,11.19,1450.99,1450.96,0.0000314
10/4/2012,14.55,11.47,1461.4,1461.57,0.0000356
10/5/2012,14.33,9.17,1460.93,1460.85,0.0000407
10/8/2012,15.11,9.12,1455.88,1455.93,0.0000349
10/9/2012,16.37,9.54,1441.48,1441.56,0.0000317
10/10/2012,16.29,9.75,1432.56,1432.79,0.0000253
10/11/2012,15.59,9.71,1432.84,1432.95,0.0000614
10/12/2012,16.14,8.03,1428.59,1428.6,0.0000253
10/15/2012,15.27,8.41,1440.13,1440.02,0.000032
10/16/2012,15.22,9.02,1454.92,1454.82,0.0000279
10/17/2012,15.07,9.14,1460.91,1460.87,0.0000157
10/18/2012,15.03,9.16,1457.34,1457.56,0.0000354
10/19/2012,17.06,10.97,1433.19,1433.12,0.0000602
10/22/2012,16.62,10.97,1433.82,1433.58,0.0000418
10/23/2012,18.83,12.01,1413.11,1413.19,0.000176557
10/24/2012,18.33,11.45,1408.75,1408.84,0.0000543
10/25/2012,18.12,11.34,1412.97,1413,0.000108329
10/26/2012,17.81,10.89,1411.94,1411.98,0.000063
10/31/2012,18.6,10.73,1412.16,1412.19,0.0000534
11/1/2012,16.69,11.39,1427.59,1427.48,0.0000374
11/2/2012,17.59,11.84,1414.2,1414.72,0.0000452
11/5/2012,18.42,11.78,1417.26,1417.26,0.0000242
11/6/2012,17.58,11.78,1428.39,1428.17,0.0000412
11/7/2012,19.08,14.34,1394.53,1394.6,0.000276234
11/8/2012,18.49,14.9,1377.51,1377.58,0.0000667
11/9/2012,18.61,14.5,1379.85,1379.7,0.0000889
11/12/2012,16.68,14.33,1380.03,1380.09,0.0000235
11/13/2012,16.65,14.4,1374.53,1374.72,0.0000884
11/14/2012,17.92,15.18,1355.49,1355.48,0.0000785
11/15/2012,17.99,14.93,1353.33,1353.13,0.0000746
11/16/2012,16.41,14.61,1359.88,1359.77,0.0000898
11/19/2012,15.24,16.08,1386.89,1386.35,0.000168301
11/20/2012,15.08,16.06,1387.81,1387.9,0.0000623
11/21/2012,15.31,14.9,1391.03,1391,0.0000133
11/23/2012,15.14,15.48,1409.15,1409.15,0.0000334
11/26/2012,15.5,14.67,1406.29,1406.21,0.0000528
11/27/2012,15.92,14.74,1398.94,1398.74,0.0000458
11/28/2012,15.51,14.91,1409.93,1409.69,0.0000992
11/29/2012,15.06,14.98,1415.95,1416.06,0.0000812
11/30/2012,15.87,14.98,1416.18,1415.89,0.0000262
12/3/2012,16.64,14.53,1409.46,1409.39,0.0000572
12/4/2012,17.12,14.17,1407.05,1407.02,0.0000379
12/5/2012,16.46,14.16,1409.28,1409.6,0.0000469
12/6/2012,16.58,13.96,1413.94,1413.84,0.0000278
12/7/2012,15.9,11.38,1418.07,1417.96,0.0000376
12/10/2012,16.05,10.57,1418.55,1418.66,0.0000166
12/11/2012,15.57,10.82,1427.84,1428.1,0.0000391
12/12/2012,15.95,10.82,1428.48,1428.61,0.0000321
12/13/2012,16.56,10.94,1419.45,1419.72,0.0000301
12/14/2012,17,9.85,1413.58,1413.37,0.0000308
12/17/2012,16.34,10.63,1430.36,1430.38,0.0000344
12/18/2012,15.57,11.19,1446.79,1446.73,0.0000275
12/19/2012,17.36,9.26,1435.81,1435.85,0.0000252
12/20/2012,17.67,9.46,1443.69,1443.4,0.0000323
12/21/2012,17.84,9.97,1430.15,1430.55,0.000152819
12/24/2012,17.84,9.13,1426.66,1426.66,0.00000939
12/26/2012,19.48,9.2,1419.83,1419.97,0.0000223
12/27/2012,19.47,9.06,1418.1,1417.84,0.0000752
12/28/2012,22.72,9.67,1402.43,1402.95,0.0000686
12/31/2012,18.02,11.38,1426.19,1426.52,0.0000998
1/2/2013,14.68,14.22,1462.42,1462.33,0.000399875
1/3/2013,14.56,14.15,1459.37,1459.07,0.0000288
1/4/2013,13.83,14.24,1466.47,1466.1,0.0000206
1/7/2013,13.79,14.27,1461.89,1461.73,0.0000333
1/8/2013,13.62,14.28,1457.15,1457.05,0.0000215
1/9/2013,13.81,14.26,1461.02,1461.04,0.0000193
1/10/2013,13.49,14.5,1472.12,1472.06,0.0000202
1/11/2013,13.36,14.31,1472.05,1471.71,0.0000106
1/14/2013,13.52,14.31,1470.68,1470.79,0.0000158
1/15/2013,13.55,14.16,1472.34,1472.2,0.0000284
1/16/2013,13.42,14.1,1472.63,1472.59,0.0000136
1/17/2013,13.57,13.69,1480.94,1481.29,0.0000243
1/18/2013,12.46,13.16,1485.98,1485.81,0.0000129
1/22/2013,12.43,12.98,1492.56,1492.02,0.0000124
1/23/2013,12.46,12.85,1494.81,1494.75,0.00000759
1/24/2013,12.69,12.44,1494.82,1495.32,0.0000188
1/25/2013,12.89,12.49,1502.96,1502.76,0.0000303
1/28/2013,13.57,12.45,1500.18,1500.12,0.0000126
1/29/2013,13.31,12.54,1507.84,1507.88,0.0000162
1/30/2013,14.32,11.91,1501.96,1501.89,0.0000209
1/31/2013,14.28,10.2,1498.11,1498.33,0.0000294
2/1/2013,12.9,6.43,1513.17,1513.14,0.0000467
2/4/2013,14.67,7.47,1495.71,1495.81,0.0000532
2/5/2013,13.72,8.06,1511.29,1511.15,0.0000434
2/6/2013,13.41,7.99,1512.12,1511.98,0.000037
2/7/2013,13.5,7.93,1509.39,1509.21,0.0000355
2/8/2013,13.02,8.08,1517.93,1517.59,0.0000149
2/11/2013,12.94,7.65,1517.01,1517,0.00000824
2/12/2013,12.64,7.66,1519.43,1519.59,0.00000745
2/13/2013,12.98,7.66,1520.33,1520.16,0.0000184
2/14/2013,12.66,7.66,1521.38,1521.33,0.0000236
2/15/2013,12.46,7.66,1519.79,1519.47,0.0000188
2/19/2013,12.31,7.72,1530.94,1530.64,0.0000143
2/20/2013,14.68,8.83,1511.95,1511.98,0.0000241
2/21/2013,15.22,8.93,1502.42,1502.6,0.0000521
2/22/2013,14.17,9.42,1515.6,1515.26,0.0000419
2/25/2013,18.99,11.32,1487.85,1488.18,0.0000879
2/26/2013,16.87,11.38,1496.94,1497.12,0.0000718
2/27/2013,14.73,12.17,1515.99,1515.94,0.0000331
2/28/2013,15.51,12.08,1514.68,1514.46,0.0000314
3/1/2013,15.36,12.04,1518.2,1518.38,0.0000863
3/4/2013,14.01,12.13,1525.2,1525.04,0.0000275
3/5/2013,13.48,12.14,1539.79,1539.91,0.0000587
3/6/2013,13.53,11.51,1541.46,1541.51,0.0000235
3/7/2013,13.06,11.01,1544.26,1544.59,0.0000155
3/8/2013,12.59,11.09,1551.18,1550.88,0.0000206
3/11/2013,11.56,11.15,1556.22,1556.09,0.00000915
3/12/2013,12.27,11.04,1552.48,1552.67,0.0000171
3/13/2013,11.83,11.05,1554.52,1554.35,0.0000129
3/14/2013,11.3,11.18,1563.23,1562.95,0.0000139
3/15/2013,11.3,11.19,1560.7,1560.52,0.0000153
3/18/2013,13.36,11.34,1552.1,1552.28,0.000119838
3/19/2013,14.39,11.36,1548.34,1548.47,0.0000713
3/20/2013,12.67,11.34,1558.71,1559.01,0.0000576
3/21/2013,13.99,10.89,1545.8,1545.9,0.0000529
3/22/2013,13.57,10.97,1556.89,1556.99,0.0000333
3/25/2013,13.74,10.58,1551.69,1551.93,0.0000473
3/26/2013,12.77,8.91,1563.77,1563.84,0.0000288
3/27/2013,13.15,8.67,1562.85,1563.21,0.0000668
3/28/2013,12.7,7.59,1569.19,1568.58,0.0000126
4/1/2013,13.58,7.66,1562.17,1562.13,0.0000215
4/2/2013,12.78,7.77,1570.25,1570.03,0.0000344
4/3/2013,14.21,8.39,1553.69,1553.68,0.0000344
4/4/2013,13.89,7.87,1559.98,1560.22,0.0000403
4/5/2013,13.92,8,1553.28,1553.13,0.000193135
4/8/2013,13.19,8.26,1563.07,1562.94,0.0000184
4/9/2013,12.84,8.24,1568.61,1568.51,0.0000239
4/10/2013,12.36,9.15,1587.73,1587.51,0.0000362
4/11/2013,12.24,9.17,1593.37,1592.9,0.0000185
4/12/2013,12.06,9.22,1588.85,1588.75,0.0000445
4/15/2013,17.27,11.72,1552.36,1552.35,0.000122967
4/16/2013,13.96,12.53,1574.57,1574.3,0.0000728
4/17/2013,16.51,13.36,1552.01,1552.01,0.000130234
4/18/2013,17.56,13.5,1541.61,1541.77,0.0000678
4/19/2013,14.97,13.58,1555.25,1555.43,0.000039
4/22/2013,14.39,13.35,1562.5,1562.4,0.0000445
4/23/2013,13.48,13.6,1578.78,1578.83,0.000185189
4/24/2013,13.61,13.56,1578.79,1578.73,0.0000143
4/25/2013,13.62,13.38,1585.16,1585.32,0.0000261
4/26/2013,13.61,13.4,1582.24,1582.4,0.0000179
4/29/2013,13.71,13.55,1593.61,1593.31,0.0000166
4/30/2013,13.52,13.52,1597.57,1597.13,0.000022
5/1/2013,14.49,13.75,1582.7,1582.85,0.000036
5/2/2013,13.59,13.65,1597.59,1597.36,0.0000249
5/3/2013,12.85,14.01,1614.42,1614.01,0.000108055
5/6/2013,12.66,13.96,1617.5,1617.2,0.00000763
5/7/2013,12.83,13.9,1625.96,1625.86,0.0000169
5/8/2013,12.66,13.91,1632.69,1632.58,0.0000105
5/9/2013,13.13,13.32,1626.67,1626.64,0.0000268
5/10/2013,12.59,13.33,1633.7,1633.34,0.000029
5/13/2013,12.55,13.29,1633.77,1633.73,0.0000151
5/14/2013,12.77,11.53,1650.34,1650.42,0.0000192
5/15/2013,12.81,10.76,1658.78,1658.58,0.0000241
5/16/2013,13.07,9.67,1650.47,1650.83,0.0000311
5/17/2013,12.45,10.02,1667.47,1665.97,0.0000218
5/20/2013,13.02,9.63,1666.29,1666.3,0.0000207
5/21/2013,13.37,9.5,1669.16,1669.23,0.000029
5/22/2013,13.82,9.21,1655.35,1655.3,0.000116822
5/23/2013,14.07,9.26,1650.51,1650.73,0.000122952
5/24/2013,13.99,9.16,1649.6,1649.65,0.0000321
5/28/2013,14.48,9.41,1660.06,1660.5,0.00011492
5/29/2013,14.83,9.43,1648.36,1648.56,0.0000638
5/30/2013,14.53,9.47,1654.41,1654.71,0.0000275
5/31/2013,16.3,10.32,1630.74,1631.67,0.0000581
6/3/2013,16.28,10.04,1640.42,1640.32,0.0000617
6/4/2013,16.27,9.62,1631.38,1631.28,0.000065
6/5/2013,17.5,10.75,1608.9,1608.83,0.0000613
6/6/2013,16.63,11.05,1622.56,1622.38,0.0000673
6/7/2013,15.14,11.84,1643.38,1643.27,0.0000478
6/10/2013,15.44,11.79,1642.81,1642.71,0.000025
6/11/2013,17.07,12.23,1626.13,1625.98,0.000118562
6/12/2013,18.59,12.58,1612.52,1612.49,0.0000766
6/13/2013,16.41,13.15,1636.36,1636.51,0.0000435
6/14/2013,17.15,13.21,1626.73,1626.56,0.0000511
6/17/2013,16.8,13.38,1639.04,1639.17,0.0000711
6/18/2013,16.61,13.24,1651.81,1651.67,0.0000182
6/19/2013,16.64,14.1,1628.93,1628.96,0.000111659
6/20/2013,20.49,16.58,1588.19,1588.34,0.000148552
6/21/2013,18.9,16.37,1592.43,1592.27,0.000146585
6/24/2013,20.11,16.86,1573.09,1573.25,0.000210005
6/25/2013,18.47,17.19,1588.03,1587.88,0.0000908
6/26/2013,17.21,17.35,1603.26,1603.31,0.000075
6/27/2013,16.86,17.31,1613.2,1613.24,0.0000478
6/28/2013,16.86,17.39,1606.28,1605.68,0.00005
7/1/2013,16.37,16.78,1614.96,1614.86,0.0000509
7/2/2013,16.44,16.66,1614.08,1613.85,0.0000348
7/3/2013,16.2,16.57,1615.41,1615.41,0.0000333
7/5/2013,14.89,16.2,1631.89,1631.88,0.0000591
7/8/2013,14.78,16,1640.46,1640.49,0.0000322
7/9/2013,14.35,15.56,1652.32,1652.36,0.0000233
7/10/2013,14.21,15.56,1652.62,1652.76,0.000045
7/11/2013,14.01,15.87,1675.02,1675.3,0.0000785
7/12/2013,13.84,15.6,1680.19,1679.69,0.0000121
7/15/2013,13.79,14.77,1682.5,1682.61,0.00000516
7/16/2013,14.42,14.69,1676.26,1676.29,0.0000127
7/17/2013,13.78,14.48,1680.91,1680.76,0.0000227
7/18/2013,13.77,14.33,1689.37,1689.4,0.0000141
7/19/2013,12.54,13.49,1692.09,1692.05,0.00001
7/22/2013,12.29,10.3,1695.53,1695.36,0.0000104
7/23/2013,12.66,10.28,1692.39,1692.57,0.00000941
7/24/2013,13.18,9.5,1685.94,1685.92,0.0000178
7/25/2013,12.97,8.93,1690.25,1690.18,0.0000216
7/26/2013,12.72,8.32,1691.65,1691.62,0.0000281
7/29/2013,13.39,8.17,1685.33,1685.57,0.0000166
7/30/2013,13.39,7.91,1685.96,1686.4,0.0000187
7/31/2013,13.45,7.56,1685.73,1686.64,0.0000468
8/1/2013,12.94,8.6,1706.87,1706.48,0.000056
8/2/2013,11.98,8.6,1709.67,1709.42,0.00000962
8/5/2013,11.84,7.89,1707.14,1707.24,0.00000819
8/6/2013,12.72,7.94,1697.37,1697.29,0.0000157
8/7/2013,12.98,7.63,1690.91,1690.95,0.0000283
8/8/2013,12.73,7.73,1697.48,1697.5,0.000024
8/9/2013,13.41,6.27,1691.42,1691.32,0.0000199
8/12/2013,12.81,6.25,1689.47,1689.52,0.0000178
8/13/2013,12.31,6.22,1694.16,1694.13,0.0000199
8/14/2013,13.04,6.3,1685.39,1685.36,0.0000188
8/15/2013,14.73,8.01,1661.32,1661.3,0.0000623
8/16/2013,14.37,7.87,1655.83,1655.83,0.0000289
8/19/2013,15.1,8.15,1646.06,1646,0.000017
8/20/2013,14.91,8.27,1652.35,1652.69,0.0000152
8/21/2013,15.94,8.52,1642.8,1642.86,0.0000575
8/22/2013,14.76,8.89,1656.96,1656.97,0.0000168
8/23/2013,13.98,8.94,1663.5,1663.27,0.0000133
8/26/2013,14.99,9.02,1656.78,1657.01,0.0000223
8/27/2013,16.77,10.54,1630.48,1630.89,0.0000753
8/28/2013,16.49,10.59,1634.96,1635.18,0.0000226
8/29/2013,16.81,10.6,1638.17,1638.4,0.0000241
8/30/2013,17.01,9.84,1632.97,1632.68,0.0000515
9/3/2013,16.61,9.94,1639.77,1639.54,0.000105786
9/4/2013,15.88,10.35,1653.08,1653.09,0.0000223
9/5/2013,15.77,10.17,1655.08,1654.97,0.0000169
9/6/2013,15.85,10.09,1655.17,1655.04,0.0000743
9/9/2013,15.63,10.59,1671.71,1671.59,0.0000227
9/10/2013,14.53,10.84,1683.99,1684.07,0.0000223
9/11/2013,13.82,10.87,1689.13,1688.98,0.000012
9/12/2013,14.29,10.88,1683.42,1683.56,0.0000125
9/13/2013,14.16,10.78,1687.99,1688.05,0.0000113
9/16/2013,14.38,9.72,1697.6,1697.63,0.0000635
9/17/2013,14.53,9.77,1704.76,1704.91,0.00000637
9/18/2013,13.59,10.34,1725.52,1725.39,0.0000571
9/19/2013,13.16,10.24,1722.34,1722.33,0.000018
9/20/2013,13.12,10.33,1709.91,1709.89,0.0000185
9/23/2013,14.31,10.05,1701.84,1701.97,0.0000205
9/24/2013,14.08,10,1697.42,1697.65,0.0000185
9/25/2013,14.01,9.96,1692.77,1692.97,0.0000325
9/26/2013,14.06,8.31,1698.67,1698.77,0.000028
9/27/2013,15.46,8.38,1691.75,1691.6,0.0000257
9/30/2013,16.6,8.58,1681.55,1681.73,0.000064
10/1/2013,15.54,8.86,1695,1694.98,0.0000331
10/2/2013,16.6,8.73,1693.87,1693.41,0.0000409
10/3/2013,17.67,8.76,1678.66,1678.59,0.0000751
10/4/2013,16.74,9.12,1690.5,1690.36,0.000019
10/7/2013,19.41,9.61,1676.12,1676.01,0.000067
10/8/2013,20.34,9.93,1655.45,1655.63,0.0000493
10/9/2013,19.6,9.58,1656.4,1656.36,0.0000482
10/10/2013,16.48,12.04,1692.56,1692.22,0.0000985
10/11/2013,15.72,12.19,1703.2,1703.12,0.0000233
10/14/2013,16.07,12.25,1710.14,1710.25,0.0000406
10/15/2013,18.66,12.36,1698.06,1698.38,0.0000545
10/16/2013,14.71,13.19,1721.54,1721.17,0.0000589
10/17/2013,13.48,12.75,1733.15,1732.89,0.0000233
10/18/2013,13.04,12.93,1744.5,1744.31,0.0000165
10/21/2013,13.16,12.69,1744.66,1744.47,0.00000955
10/22/2013,13.33,12.75,1754.67,1754.57,0.0000299
10/23/2013,13.42,12.83,1746.38,1746.38,0.0000295
10/24/2013,13.2,12.85,1752.07,1751.94,0.000013
10/25/2013,13.09,12.89,1759.77,1759.81,0.00000951
10/28/2013,13.31,12.82,1762.11,1762.2,0.00000953
10/29/2013,13.41,12.82,1771.95,1771.9,0.0000164
10/30/2013,13.65,12.71,1763.31,1763.41,0.0000353
10/31/2013,13.75,12.75,1756.54,1756.98,0.0000306
11/1/2013,13.28,12.42,1761.64,1761.93,0.0000329
11/4/2013,12.93,12.22,1767.93,1768.09,0.0000134
11/5/2013,13.27,11.89,1762.97,1762.85,0.0000202
11/6/2013,12.67,11.21,1770.49,1770.43,0.000019
11/7/2013,13.91,12.08,1747.15,1747.42,0.0000386
11/8/2013,12.9,10.58,1770.61,1770.44,0.0000346
11/11/2013,12.53,10.36,1771.89,1771.8,0.0000113
11/12/2013,12.82,10.28,1767.69,1767.69,0.0000241
11/13/2013,12.52,10.32,1782,1781.87,0.0000203
11/14/2013,12.37,9.32,1790.62,1790.65,0.0000203
11/15/2013,12.19,9.13,1798.18,1798.18,0.00000629
11/18/2013,13.1,8.93,1791.53,1791.35,0.0000226
11/19/2013,13.39,8.97,1787.87,1788.11,0.0000303
11/20/2013,13.4,8.8,1781.37,1781.51,0.0000393
11/21/2013,12.66,9.06,1795.85,1795.82,0.0000187
11/22/2013,12.26,9.14,1804.76,1804.84,0.00000601
11/25/2013,12.79,9.02,1802.48,1802.73,0.00000781
11/26/2013,12.81,9,1802.75,1803.02,0.00000904
11/27/2013,12.98,8.81,1807.23,1807.26,0.0000058
11/29/2013,13.7,8.63,1805.81,1805.81,0.00000801
12/2/2013,14.23,8.61,1800.9,1800.85,0.0000134
12/3/2013,14.55,8.66,1795.15,1795.16,0.0000234
12/4/2013,14.7,8.57,1792.81,1792.83,0.0000594
12/5/2013,15.08,8.62,1785.03,1785.07,0.0000291
12/6/2013,13.79,9.31,1805.09,1804.92,0.0000682
12/9/2013,13.49,8.18,1808.37,1808.56,0.0000118
12/10/2013,13.91,6.93,1802.62,1802.71,0.0000109
12/11/2013,15.42,8.05,1782.22,1782.02,0.0000278
12/12/2013,15.54,8.09,1775.5,1775.43,0.0000299
12/13/2013,15.76,7.64,1775.32,1775.04,0.0000208
12/16/2013,16.03,7.77,1786.54,1786.55,0.0000444
12/17/2013,16.21,7.76,1781,1781.02,0.0000193
12/18/2013,13.8,9.64,1810.65,1810.41,0.000100889
12/19/2013,14.15,9.61,1809.6,1809.49,0.0000174
12/20/2013,13.79,9.74,1818.32,1819.56,0.0000121
12/23/2013,13.04,9.5,1827.99,1828.15,0.0000125
12/24/2013,12.48,9.43,1833.32,1833.32,0.00000162
12/26/2013,12.33,9.54,1842.02,1842,0.00000439
12/27/2013,12.46,9.55,1841.4,1841.26,0.00000511
12/30/2013,13.56,9.52,1841.07,1840.99,0.00000308
12/31/2013,13.72,9.63,1848.36,1847.76,0.00000797
1/2/2014,14.23,10.1,1831.98,1832.1,0.0000326
1/3/2014,13.76,10.03,1831.37,1831.47,0.0000164
1/6/2014,13.55,10.06,1826.77,1826.63,0.0000282
1/7/2014,12.92,10.17,1837.88,1837.83,0.0000152
1/8/2014,12.87,9.42,1837.49,1837.32,0.0000255
1/9/2014,12.89,9.39,1838.13,1838.17,0.0000201
1/10/2014,12.14,9.35,1842.37,1842.44,0.0000175
1/13/2014,13.28,9.56,1819.2,1818.92,0.0000223
1/14/2014,12.28,10.24,1838.88,1838.68,0.0000245
1/15/2014,12.28,10.39,1848.38,1848.41,0.0000152
1/16/2014,12.53,10.12,1845.89,1845.86,0.0000138
1/17/2014,12.44,10.14,1838.7,1838.46,0.0000131
1/21/2014,12.87,8.36,1843.8,1843.74,0.0000443
1/22/2014,12.84,8.36,1844.86,1844.91,0.00000984
1/23/2014,13.77,8.65,1828.46,1828.84,0.0000508
1/24/2014,18.14,11.22,1790.29,1790.66,0.0000822
1/27/2014,17.42,11.32,1781.56,1781.56,0.0000658
1/28/2014,15.8,11.41,1792.5,1792.45,0.0000283
1/29/2014,17.35,11.87,1774.2,1774.3,0.000108614
1/30/2014,17.29,12.42,1794.19,1794.16,0.0000609
1/31/2014,18.41,12.53,1782.59,1782.4,0.000122023
2/3/2014,21.44,14.52,1741.89,1741.95,0.0000935
2/4/2014,19.11,14.73,1755.2,1755.06,0.0000672
2/5/2014,19.95,14.71,1751.64,1751.79,0.0000859
2/6/2014,17.23,15.18,1773.43,1773.1,0.0000311
2/7/2014,15.29,15.83,1797.02,1796.62,0.0000427
2/10/2014,15.26,15.84,1799.84,1799.66,0.00000976
2/11/2014,14.51,16.26,1819.75,1819.37,0.0000173
2/12/2014,14.3,15.61,1819.26,1819.13,0.000021
2/13/2014,14.14,15.25,1829.83,1829.61,0.0000243
2/14/2014,13.57,15.25,1838.63,1838.51,0.0000147
2/18/2014,13.87,15.25,1840.76,1841.06,0.0000125
2/19/2014,15.5,15.36,1828.75,1828.71,0.0000296
2/20/2014,14.79,15.47,1839.78,1839.81,0.0000263
2/21/2014,14.68,15.48,1836.25,1836.46,0.0000169
2/24/2014,14.23,15.33,1847.61,1847.56,0.000034
2/25/2014,13.67,13.46,1845.12,1845.31,0.0000323
2/26/2014,14.35,13.34,1845.16,1845.27,0.0000299
2/27/2014,14.04,13.3,1854.29,1854.13,0.0000275
2/28/2014,14,12.91,1859.45,1859.02,0.0000373
3/3/2014,16,12.63,1845.73,1845.67,0.0000834
3/4/2014,14.1,13.47,1873.91,1873.59,0.0000936
3/5/2014,13.89,10.84,1873.81,1874.09,0.0000173
3/6/2014,14.21,10.58,1877.03,1877.46,0.0000163
3/7/2014,14.11,10.56,1878.04,1877.73,0.0000308
3/10/2014,14.2,9.66,1877.17,1877.18,0.0000226
3/11/2014,14.8,8.74,1867.63,1867.72,0.0000251
3/12/2014,14.47,8.73,1868.2,1868.2,0.0000458
3/13/2014,16.22,8.8,1846.34,1846.52,0.0000534
3/14/2014,17.82,8.88,1841.13,1841.12,0.0000465
3/17/2014,15.64,9.14,1858.83,1858.59,0.0000559
3/18/2014,14.52,9.43,1872.25,1872.08,0.0000233
3/19/2014,15.12,9.58,1860.77,1860.94,0.0000574
3/20/2014,14.52,9.47,1872.01,1872.08,0.0000295
3/21/2014,15,9.33,1866.52,1865.89,0.0000506
3/24/2014,15.09,9.42,1857.44,1857.48,0.0000484
3/25/2014,14.02,9.32,1865.62,1865.74,0.0000583
3/26/2014,14.93,9.67,1852.56,1852.76,0.0000416
3/27/2014,14.62,9.7,1849.04,1849.03,0.0000638
3/28/2014,14.41,9.65,1857.62,1857.39,0.000038
3/31/2014,13.88,10.05,1872.34,1872.37,0.0000499
4/1/2014,13.1,9.99,1885.52,1885.57,0.0000227
4/2/2014,13.09,8.61,1890.9,1891,0.0000139
4/3/2014,13.37,8.62,1888.77,1889.02,0.0000146
4/4/2014,13.96,9.52,1865.09,1865.19,0.0000601
4/7/2014,15.57,10.27,1845.04,1844.93,0.0000537
4/8/2014,14.89,10.35,1851.96,1852.14,0.0000392
4/9/2014,13.82,10.85,1872.18,1872.11,0.0000299
4/10/2014,15.89,13.17,1833.08,1833.14,0.0000691
4/11/2014,17.03,12.96,1815.69,1815.84,0.000101478
4/14/2014,16.11,13.2,1830.61,1830.49,0.0000728
4/15/2014,15.61,13.08,1842.98,1842.92,0.0000843
4/16/2014,14.18,13.27,1862.31,1862.11,0.0000471
4/17/2014,13.36,13.17,1864.85,1864.91,0.0000224
4/21/2014,13.25,13.11,1871.89,1871.55,0.0000117
4/22/2014,13.19,13.13,1879.55,1879.73,0.0000108
4/23/2014,13.27,13.08,1875.39,1875.45,0.0000133
4/24/2014,13.32,12.99,1878.61,1878.53,0.0000347
4/25/2014,14.06,13.04,1863.4,1863.62,0.0000344
4/28/2014,13.97,13.08,1869.43,1869.44,0.0000678
4/29/2014,13.71,13.08,1878.33,1878.38,0.000025
4/30/2014,13.41,12.8,1883.95,1883.68,0.0000248
5/1/2014,13.25,12.6,1883.68,1883.36,0.0000204
5/2/2014,12.91,12.56,1881.14,1881.06,0.0000317
5/5/2014,13.29,12.57,1884.66,1884.75,0.0000532
5/6/2014,13.8,12.25,1867.72,1867.77,0.0000263
5/7/2014,13.4,11.77,1878.21,1878.19,0.0000805
5/8/2014,13.43,11.71,1875.63,1875.65,0.000027
5/9/2014,12.92,11.14,1878.48,1878.41,0.0000312
5/12/2014,12.23,8.81,1896.65,1896.74,0.0000231
5/13/2014,12.13,8.22,1897.45,1897.4,0.00001
5/14/2014,12.17,7.91,1888.53,1888.49,0.000015
5/15/2014,13.17,8.25,1870.85,1871.03,0.0000478
5/16/2014,12.44,7.49,1877.86,1877.91,0.0000219
5/19/2014,12.42,7.58,1885.08,1884.94,0.0000117
5/20/2014,12.96,7.81,1872.83,1873.11,0.0000274
5/21/2014,11.91,8.17,1888.03,1887.86,0.0000244
5/22/2014,12.03,8.18,1892.49,1892.53,0.0000091
5/23/2014,11.36,8.28,1900.53,1900.54,0.00000424
5/27/2014,11.51,8.04,1911.91,1911.95,0.0000181
5/28/2014,11.68,7.96,1909.78,1909.89,0.00000859
5/29/2014,11.57,7.99,1920.03,1919.89,0.0000132
5/30/2014,11.4,7.93,1923.57,1923.39,0.00000839
6/2/2014,11.58,7.94,1924.97,1924.88,0.0000152
6/3/2014,11.87,7.93,1924.24,1924.19,0.00000946
6/4/2014,12.08,7.93,1927.88,1927.76,0.00000865
6/5/2014,11.68,7.69,1940.46,1940.12,0.0000152
6/6/2014,10.73,7.67,1949.44,1949.15,0.00000723
6/9/2014,11.15,7.66,1951.27,1951.07,0.00000768
6/10/2014,10.99,7.61,1950.79,1950.81,0.00000882
6/11/2014,11.6,7.1,1943.89,1944.08,0.0000169
6/12/2014,12.56,7.56,1930.11,1930.01,0.0000175
6/13/2014,12.18,7.46,1936.16,1935.83,0.0000189
6/16/2014,12.65,6.71,1937.78,1937.76,0.0000195
6/17/2014,12.06,6.66,1941.99,1942.19,0.0000138
6/18/2014,10.61,7.03,1956.98,1956.94,0.0000176
6/19/2014,10.62,6.68,1959.48,1959.31,0.00000848
6/20/2014,10.85,6.09,1962.87,1963.19,0.00000545
6/23/2014,10.98,6.03,1962.61,1962.47,0.00000712
6/24/2014,12.13,6.22,1949.98,1950.17,0.0000186
6/25/2014,11.59,6.1,1959.53,1959.43,0.0000143
6/26/2014,11.63,6.1,1957.22,1957.26,0.0000246
6/27/2014,11.26,5.88,1960.96,1960.98,0.0000126
6/30/2014,11.57,5.87,1960.23,1960.13,0.00000736
7/1/2014,11.15,6.31,1973.32,1973.19,0.0000136
7/2/2014,10.82,6.31,1974.62,1974.43,0.00000684
7/3/2014,10.32,6.53,1985.44,1985.44,0.0000101
7/7/2014,11.33,6.25,1977.65,1977.53,0.0000132
7/8/2014,11.98,6.42,1963.71,1964.01,0.0000312
7/9/2014,11.65,6.59,1972.83,1972.64,0.000021
7/10/2014,12.59,6.74,1964.68,1964.73,0.0000579
7/11/2014,12.08,6.64,1967.57,1967.36,0.0000123
7/14/2014,11.82,6.35,1977.1,1977.12,0.0000171
7/15/2014,11.96,6.28,1973.28,1973.57,0.000029
7/16/2014,11,6.4,1981.57,1981.46,0.00002
7/17/2014,14.54,7.57,1958.12,1957.85,0.0000412
7/18/2014,12.06,7.98,1978.22,1977.84,0.0000158
7/21/2014,12.81,8,1973.63,1973.76,0.0000167
7/22/2014,12.24,8.13,1983.53,1983.71,0.0000142
7/23/2014,11.52,8.16,1987.01,1987.34,0.00000638
7/24/2014,11.84,7.89,1987.98,1987.78,0.00000761
7/25/2014,12.69,7.89,1978.34,1978.19,0.0000187
7/28/2014,12.56,7.89,1978.91,1978.8,0.0000178
7/29/2014,13.28,7.99,1969.95,1970.34,0.000021
7/30/2014,13.33,7.99,1970.07,1970.19,0.0000367
7/31/2014,16.95,10.5,1930.67,1930.79,0.000075
8/1/2014,17.03,10.53,1925.15,1925.22,0.0000693
8/4/2014,15.12,10.67,1938.99,1939.25,0.000023
8/5/2014,16.87,11.17,1920.21,1920.02,0.0000786
8/6/2014,16.37,10.93,1920.24,1920,0.0000456
8/7/2014,16.66,11.01,1909.57,1909.51,0.0000509
8/8/2014,15.77,11.63,1931.59,1931.38,0.0000266
8/11/2014,14.23,11.66,1936.92,1936.79,0.0000175
8/12/2014,14.13,11.55,1933.75,1933.8,0.0000219
8/13/2014,12.9,11.76,1946.72,1946.45,0.000021
8/14/2014,12.42,11.79,1955.18,1955.13,0.00000707
8/15/2014,13.15,11.03,1955.06,1955.14,0.0000562
8/18/2014,12.32,10.81,1971.74,1971.48,0.0000216
8/19/2014,12.21,10.93,1981.6,1981.52,0.00000648
8/20/2014,11.78,10.86,1986.51,1986.47,0.0000091
8/21/2014,11.76,10.87,1992.37,1992.36,0.00000839
8/22/2014,11.47,10.89,1988.4,1988.32,0.0000182
8/25/2014,11.7,10.92,1997.92,1998.3,0.0000125
8/26/2014,11.63,10.92,2000.02,2000.15,0.00000565
8/27/2014,11.78,10.83,2000.12,1999.85,0.00000583
8/28/2014,12.05,10.83,1996.74,1997.02,0.0000162
8/29/2014,11.98,8.14,2003.37,2003.38,0.00000645
9/2/2014,12.25,8.1,2002.28,2002.03,0.0000132
9/3/2014,12.36,7.7,2000.72,2000.75,0.0000138
9/4/2014,12.64,6.86,1997.65,1997.64,0.0000167
9/5/2014,12.09,7.06,2007.71,2007.37,0.0000209
9/8/2014,12.66,6.85,2001.54,2001.43,0.000015
9/9/2014,13.5,5.99,1988.44,1988.5,0.0000285
9/10/2014,12.88,6.05,1995.69,1995.71,0.0000271
9/11/2014,12.8,6.03,1997.45,1997.34,0.0000185
9/12/2014,13.31,5.93,1985.54,1985.66,0.0000225
9/15/2014,14.12,5.74,1984.13,1984.03,0.0000176
9/16/2014,12.73,6.37,1998.98,1999.04,0.0000194
9/17/2014,12.65,5.69,2001.57,2001.54,0.0000514
9/18/2014,12.03,5.68,2011.36,2011.47,0.0000137
9/19/2014,12.11,5.61,2010.4,2010.54,0.0000209
9/22/2014,13.69,6.19,1994.29,1994.51,0.0000199
9/23/2014,14.93,6.49,1982.77,1982.86,0.0000243
9/24/2014,13.27,6.84,1998.3,1998.54,0.0000168
9/25/2014,15.64,8.9,1965.99,1966.38,0.0000495
9/26/2014,14.85,9.32,1982.85,1982.54,0.0000358
9/29/2014,15.98,9.35,1977.8,1977.9,0.0000888
9/30/2014,16.31,9.35,1972.29,1972.75,0.0000365
10/1/2014,16.71,10.48,1946.16,1946.7,0.0000601
10/2/2014,16.16,10.47,1946.17,1946.05,0.0000561
10/3/2014,14.55,11.16,1967.9,1967.6,0.0000654
10/6/2014,15.46,11.05,1964.82,1964.93,0.0000428
10/7/2014,17.2,12.24,1935.1,1934.87,0.0000738
10/8/2014,15.11,13.41,1968.89,1968.72,0.0000797
10/9/2014,18.76,15.09,1928.21,1928.51,0.000109348
10/10/2014,21.24,15.58,1906.13,1906.55,0.000122317
10/13/2014,24.64,16.48,1874.74,1874.82,0.000138453
10/14/2014,22.79,16.48,1877.7,1877.84,0.000152699
10/15/2014,26.25,16.49,1862.49,1862.59,0.000530726
10/16/2014,25.2,16.5,1862.76,1861.96,0.000274928
10/17/2014,21.99,17.12,1886.76,1886.57,0.000156196
10/20/2014,18.57,17.44,1904.01,1903.91,0.0000523
10/21/2014,16.08,18.46,1941.28,1941.03,0.0000562
10/22/2014,17.87,18.5,1927.11,1927.2,0.0000554
10/23/2014,16.53,18.73,1950.82,1950.35,0.000106437
10/24/2014,16.11,18.02,1964.58,1964.42,0.0000349
10/27/2014,16.04,17.81,1961.63,1961.3,0.0000394
10/28/2014,14.39,18.24,1985.05,1984.44,0.0000264
10/29/2014,15.15,18.22,1982.3,1982.2,0.0000515
10/30/2014,14.52,17.74,1994.65,1994.4,0.0000315
10/31/2014,14.03,18.16,2018.05,2017.44,0.0000548
11/3/2014,14.73,17.74,2017.81,2017.58,0.0000211
11/4/2014,14.89,17.75,2012.1,2012.25,0.0000274
11/5/2014,14.17,17.04,2023.57,2023.18,0.0000348
11/6/2014,13.67,16.03,2031.21,2030.91,0.000016
11/7/2014,13.12,14.41,2031.92,2031.72,0.0000202
11/10/2014,12.67,13.9,2038.26,2038.23,0.00000809
11/11/2014,12.92,12.67,2039.68,2039.76,0.0000067
11/12/2014,13.02,12.67,2038.25,2038.12,0.0000165
11/13/2014,13.79,12.35,2039.33,2039.23,0.0000258
11/14/2014,13.31,12.34,2039.82,2039.73,0.0000105
11/17/2014,13.99,11.34,2041.32,2041.18,0.0000127
11/18/2014,13.86,10.99,2051.8,2052.09,0.00000856
11/19/2014,13.96,8.76,2048.72,2048.4,0.0000268
11/20/2014,13.58,8.44,2052.75,2052.69,0.0000142
11/21/2014,12.9,7.67,2063.5,2062.98,0.0000437
11/24/2014,12.62,7.31,2069.41,2069.48,0.00000924
11/25/2014,12.25,7.3,2067.03,2067.59,0.000011
11/26/2014,12.07,6.15,2072.83,2072.9,0.00000352
11/28/2014,13.33,6.19,2067.56,2067.56,0.00000907
12/1/2014,14.29,6.19,2053.44,2053.52,0.0000364
12/2/2014,12.85,5.25,2066.55,2066.47,0.0000147
12/3/2014,12.47,5.39,2074.33,2074.07,0.00000722
12/4/2014,12.38,5.32,2071.92,2071.57,0.0000185
12/5/2014,11.82,4.99,2075.37,2075.19,0.0000133
12/8/2014,14.21,5.37,2060.31,2060.61,0.0000302
12/9/2014,14.89,5.36,2059.82,2059.72,0.000103439
12/10/2014,18.53,7.89,2026.14,2026.6,0.0000696
12/11/2014,20.08,8.08,2035.33,2035.3,0.0000729
12/12/2014,21.08,9.5,2002.33,2003.53,0.0000836
12/15/2014,20.42,9.83,1989.63,1989.55,0.000163218
12/16/2014,23.57,10.35,1972.74,1973.61,0.000154916
12/17/2014,19.44,12.49,2012.89,2012.39,0.000165428
12/18/2014,16.81,14.79,2061.23,2061.06,0.000106942
12/19/2014,16.49,14.91,2070.65,2070.51,0.0000347
12/22/2014,15.25,14.93,2078.54,2078.76,0.0000124
12/23/2014,14.8,14.81,2082.17,2082.22,0.000011
12/24/2014,14.37,14.78,2081.88,2081.88,0.00000463
12/26/2014,14.5,14.8,2088.77,2089.22,0.00000635
12/29/2014,15.06,14.78,2090.57,2090.89,0.00000568
12/30/2014,15.92,14.88,2080.35,2080.32,0.00000905
12/31/2014,19.2,15.14,2058.9,2058.9,0.0000239
1/2/2015,17.79,15,2058.2,2058.14,0.0000839
1/5/2015,19.92,16.19,2020.58,2021.07,0.00007
1/6/2015,21.12,16.52,2002.61,2002.2,0.000110993
1/7/2015,19.31,17.01,2025.9,2025.76,0.0000818
1/8/2015,17.01,17.95,2062.14,2061.945,0.0000716
1/9/2015,17.55,18.17,2044.81,2045.11,0.0000625
1/12/2015,19.6,17.44,2028.26,2028.59,0.0000672
1/13/2015,20.56,17.38,2023.03,2023.03,0.000218888
1/14/2015,21.48,16.76,2011.27,2011.13,0.000147062
1/15/2015,22.39,16.88,1992.67,1992.76,0.000103318
1/16/2015,20.95,17.18,2019.42,2018.98,0.0000644
1/20/2015,19.89,15.71,2022.55,2022.45,0.0000837
1/21/2015,18.85,13.54,2032.12,2032.42,0.000100139
1/22/2015,16.4,14.37,2063.15,2063.37,0.000061
1/23/2015,16.66,14.47,2051.82,2051.75,0.0000249
1/26/2015,15.52,14.48,2057.09,2056.83,0.0000301
1/27/2015,17.22,15.21,2029.55,2029.77,0.000102598
1/28/2015,20.44,15.87,2002.16,2002.52,0.0000928
1/29/2015,18.76,16.2,2021.25,2021.47,0.0000876
1/30/2015,20.97,16.7,1994.99,1995.37,0.000098
2/2/2015,19.43,16.84,2020.85,2020.84,0.000117824
2/3/2015,17.33,17.57,2050.03,2049.76,0.0000886
2/4/2015,18.33,16.49,2041.51,2041.365,0.0000666
2/5/2015,16.85,16.54,2062.52,2062.3,0.000034
2/6/2015,17.29,16.07,2055.47,2055.5,0.0000413
2/9/2015,18.55,14.9,2046.74,2046.54,0.0000336
2/10/2015,17.23,15.06,2068.59,2068.27,0.0000388
2/11/2015,16.96,14.79,2068.53,2068.265,0.0000279
2/12/2015,15.34,15.11,2088.48,2088.17,0.0000263
2/13/2015,14.69,15.05,2096.99,2096.85,0.0000104
2/17/2015,15.8,14.7,2100.34,2099.79,0.000015
2/18/2015,15.45,13.98,2099.68,2099.62,0.0000192
2/19/2015,15.29,13.96,2097.45,2097.54,0.0000202
2/20/2015,14.3,14.01,2110.3,2110.11,0.0000207
2/23/2015,14.56,13.01,2109.66,2109.52,0.0000113
2/24/2015,13.69,12.92,2115.48,2115.645,0.0000102
2/25/2015,13.84,12.9,2113.86,2113.75,0.0000101
2/26/2015,13.91,12.03,2110.74,2110.79,0.0000197
2/27/2015,13.34,11.18,2104.5,2104.5,0.000012
3/2/2015,13.04,10.89,2117.39,2116.95,0.00000712
3/3/2015,13.86,10.04,2107.78,2107.77,0.0000251
3/4/2015,14.23,9.24,2098.53,2098.67,0.0000446
3/5/2015,14.04,7.77,2101.04,2101.08,0.0000127
3/6/2015,15.2,9.14,2071.26,2071.25,0.0000545
3/9/2015,15.06,8.56,2079.43,2079.41,0.0000151
3/10/2015,16.69,10.23,2044.16,2045.31,0.0000706
3/11/2015,16.87,10.15,2040.24,2040.47,0.0000349
3/12/2015,15.42,10.42,2065.95,2065.82,0.0000426
3/13/2015,16,10.61,2053.4,2053.36,0.0000497
3/16/2015,15.61,11.04,2081.19,2080.84,0.0000274
3/17/2015,15.66,11,2074.28,2074.22,0.0000348
3/18/2015,13.97,11.8,2099.5,2099.22,0.000110553
3/19/2015,14.07,11.92,2089.27,2089.47,0.0000306
3/20/2015,13.02,12.33,2108.1,2108.28,0.0000444
3/23/2015,13.41,12.17,2104.42,2104.49,0.000014
3/24/2015,13.62,12.36,2091.5,2091.64,0.0000203
3/25/2015,15.44,13.33,2061.05,2061.2,0.0000471
3/26/2015,15.8,13.35,2056.15,2056.285,0.0000763
3/27/2015,15.07,13.37,2061.02,2060.695,0.0000344
3/30/2015,14.51,14,2086.24,2086.16,0.0000464
3/31/2015,15.29,14.2,2067.89,2068.18,0.0000418
4/1/2015,15.11,14.18,2059.69,2059.78,0.0000542
4/2/2015,14.67,14.15,2066.96,2066.775,0.0000259
4/6/2015,14.74,14.34,2080.62,2080.81,0.0000285
4/7/2015,14.78,13.47,2076.33,2076.1,0.0000196
4/8/2015,13.98,13.43,2081.9,2081.805,0.0000516
4/9/2015,13.09,12.26,2091.18,2091.1,0.0000357
4/10/2015,12.58,12.35,2102.06,2102.07,0.00000804
4/13/2015,13.94,11.66,2092.43,2092.72,0.0000124
4/14/2015,13.67,11.49,2095.84,2096.12,0.0000277
4/15/2015,12.84,10.73,2106.63,2106.3,0.0000201
4/16/2015,12.6,10.68,2104.99,2105.14,0.0000167
4/17/2015,13.89,10.55,2081.18,2081.12,0.0000579
4/20/2015,13.3,10.88,2100.4,2100.27,0.0000373
4/21/2015,13.25,10.42,2097.29,2097.49,0.0000205
4/22/2015,12.71,10.54,2107.96,2107.94,0.0000211
4/23/2015,12.48,10.36,2112.93,2113.01,0.0000244
4/24/2015,12.29,9.04,2117.69,2117.82,0.0000107
4/27/2015,13.12,9.13,2108.92,2109.05,0.0000232
4/28/2015,12.41,9.16,2114.76,2114.98,0.0000415
4/29/2015,13.39,8.25,2106.85,2106.76,0.0000438
4/30/2015,14.55,8.37,2085.51,2085.57,0.0000495
5/1/2015,12.7,9.09,2108.29,2107.89,0.0000453
5/4/2015,12.85,9.08,2114.49,2114.42,0.0000141
5/5/2015,14.31,9.74,2089.46,2089.52,0.0000326
5/6/2015,15.15,9.81,2080.15,2080.505,0.0000859
5/7/2015,15.13,9.85,2088,2088.06,0.0000314
5/8/2015,12.86,10.74,2116.1,2115.83,0.0000757
5/11/2015,13.85,10.75,2105.33,2105.295,0.0000167
5/12/2015,13.86,10.71,2099.12,2099.08,0.000067
5/13/2015,13.76,10.7,2098.48,2098.55,0.0000447
5/14/2015,12.74,11.16,2121.1,2120.66,0.0000301
5/15/2015,12.38,11.17,2122.73,2122.705,0.0000115
5/18/2015,12.73,10.49,2129.2,2128.93,0.00000481
5/19/2015,12.85,10.01,2127.83,2127.895,0.00000976
5/20/2015,12.88,10,2125.85,2125.845,0.0000175
5/21/2015,12.11,9.9,2130.82,2131.1,0.00000783
5/22/2015,12.13,9.88,2126.06,2126.305,0.000011
5/26/2015,14.06,10.54,2104.2,2104.37,0.0000266
5/27/2015,13.27,10.9,2123.48,2123.44,0.0000162
5/28/2015,13.31,10.85,2120.79,2120.95,0.0000193
5/29/2015,13.84,10.96,2107.39,2107.56,0.0000287
6/1/2015,13.97,10.42,2111.73,2111.755,0.00004
6/2/2015,14.24,9.72,2109.6,2109.57,0.0000307
6/3/2015,13.66,9.69,2114.07,2114.345,0.0000189
6/4/2015,14.71,9.18,2095.84,2096.4,0.0000454
6/5/2015,14.21,9.08,2092.83,2092.8,0.0000343
6/8/2015,15.29,9.26,2079.28,2079.48,0.0000145
6/9/2015,14.47,8.04,2080.15,2079.95,0.0000222
6/10/2015,13.22,8.88,2105.2,2104.56,0.0000389
6/11/2015,12.85,8.87,2108.86,2109.31,0.0000198
6/12/2015,13.78,9.26,2094.11,2094.18,0.0000266
6/15/2015,15.39,8.65,2084.43,2084.64,0.0000851
6/16/2015,14.81,8.85,2096.29,2096.365,0.0000278
6/17/2015,14.5,8.83,2100.44,2100.485,0.0000412
6/18/2015,13.19,9.47,2121.24,2120.9,0.000032
6/19/2015,13.96,9.69,2109.99,2109.69,0.0000112
6/22/2015,12.74,9.94,2122.85,2123.04,0.0000478
6/23/2015,12.11,9.91,2124.2,2124.31,0.0000105
6/24/2015,13.26,9.53,2108.58,2108.92,0.0000143
6/25/2015,14.01,9.04,2102.31,2102.57,0.0000168
6/26/2015,14.02,9.03,2101.49,2101.94,0.0000231
6/29/2015,18.85,11.48,2057.64,2057.79,0.0000756
6/30/2015,18.23,11.49,2063.11,2062.955,0.0000809
7/1/2015,16.09,11.81,2077.42,2077.77,0.0000597
7/2/2015,16.79,11.79,2076.78,2076.26,0.0000215
7/6/2015,17.01,11.46,2068.76,2068.81,0.0000858
7/7/2015,16.09,11.65,2081.34,2081.65,0.0000897
7/8/2015,19.66,12.91,2046.68,2047.02,0.0000868
7/9/2015,19.97,12.93,2051.31,2051.32,0.000172045
7/10/2015,16.83,13,2076.62,2076.51,0.000126147
7/13/2015,13.9,13.51,2099.6,2099.44,0.0000465
7/14/2015,13.37,13.33,2108.95,2108.84,0.0000059
7/15/2015,13.23,13.25,2107.4,2107.8,0.0000135
7/16/2015,12.11,13.37,2124.29,2124.21,0.0000156
7/17/2015,11.95,13.36,2126.64,2126.48,0.00000588
7/20/2015,12.25,12.92,2128.28,2128.04,0.00000854
7/21/2015,12.22,12.84,2119.21,2119.13,0.0000106
7/22/2015,12.12,12.63,2114.15,2114.05,0.0000189
7/23/2015,12.64,12.78,2102.15,2102.265,0.000016
7/24/2015,13.74,13.03,2079.65,2079.85,0.0000199
7/27/2015,15.6,13.15,2067.64,2068.06,0.0000602
7/28/2015,13.44,13.8,2093.25,2093.35,0.0000289
7/29/2015,12.5,11.88,2108.57,2108.42,0.0000202
7/30/2015,12.13,11.85,2108.63,2108.865,0.000021
7/31/2015,12.12,11.54,2103.84,2104.8,0.0000147
8/3/2015,12.56,11.6,2098.04,2098.03,0.0000321
8/4/2015,13,11.57,2093.32,2093.35,0.0000233
8/5/2015,12.51,11.42,2099.84,2099.99,0.0000416
8/6/2015,13.77,10.1,2083.56,2083.81,0.0000293
8/7/2015,13.39,10.12,2077.57,2077.925,0.0000332
8/10/2015,12.23,10.15,2104.18,2104.1,0.0000457
8/11/2015,13.71,9.96,2084.07,2084.54,0.0000676
8/12/2015,13.61,9.85,2086.05,2086.33,0.000114647
8/13/2015,13.49,9.86,2083.39,2083.57,0.0000413
8/14/2015,12.83,9.6,2091.54,2091.7,0.0000165
8/17/2015,13.02,9.74,2102.44,2102.49,0.0000346
8/18/2015,13.79,9.77,2096.92,2096.9,0.0000136
8/19/2015,15.25,10.04,2079.61,2079.85,0.0000902
8/20/2015,19.14,12.46,2035.73,2036.36,0.000115234
8/21/2015,28.03,16.58,1970.89,1971.72,0.000231386
8/24/2015,40.74,21.73,1893.21,1893.565,0.003729658
8/25/2015,36.02,22.06,1867.61,1868.19,0.000734803
8/26/2015,30.32,25.31,1940.51,1940.57,0.00080794
8/27/2015,26.1,26.62,1987.66,1987.78,0.000359679
8/28/2015,26.05,26.62,1988.87,1988.48,0.0000913
8/31/2015,28.43,26.78,1972.18,1972.05,0.000118752
9/1/2015,31.4,28.66,1913.85,1914.21,0.000503992
9/2/2015,26.09,29.33,1948.86,1948.73,0.000211603
9/3/2015,25.61,29.31,1951.13,1950.82,0.0000986
9/4/2015,27.8,29.68,1921.22,1921.1,0.000207276
9/8/2015,24.9,30.9,1969.41,1969.2,0.000215524
9/9/2015,26.23,30.96,1942.04,1942.25,0.000124109
9/10/2015,24.37,30.84,1952.29,1952.19,0.0000768
9/11/2015,23.2,30.88,1961.05,1960.52,0.0000648
9/14/2015,24.25,30.91,1953.03,1952.97,0.0000355
9/15/2015,22.54,31.2,1978.09,1978.18,0.000031
9/16/2015,21.35,31.3,1995.31,1995.08,0.0000352
9/17/2015,21.14,31.3,1990.2,1990.26,0.000163657
9/18/2015,22.28,31.72,1958.03,1958.05,0.000185484
9/21/2015,20.14,30.91,1966.97,1967.22,0.0000758
9/22/2015,22.44,29.2,1942.74,1942.54,0.000171024
9/23/2015,22.13,25.35,1938.76,1938.81,0.0000573
9/24/2015,23.47,25.01,1932.24,1932.52,0.000109015
9/25/2015,23.62,21.31,1931.34,1931.56,0.000107031
9/28/2015,27.63,21.5,1881.77,1881.9,0.000133477
9/29/2015,26.83,21.5,1884.09,1883.82,0.00013966
9/30/2015,24.5,22.3,1920.03,1918.63,0.00022369
10/1/2015,22.55,19.8,1923.82,1923.65,0.000130196
10/2/2015,20.94,19.44,1951.36,1951.16,0.000286794
10/5/2015,19.54,20.43,1987.05,1986.82,0.0000793
10/6/2015,19.4,19.73,1979.92,1979.97,0.0000466
10/7/2015,18.4,17.93,1995.83,1995.705,0.0000897
10/8/2015,17.42,17.54,2013.43,2013.35,0.0000506
10/9/2015,17.08,17.46,2014.89,2014.92,0.0000285
10/12/2015,16.17,17.38,2017.46,2017.23,0.0000141
10/13/2015,17.67,17.46,2003.69,2003.76,0.0000378
10/14/2015,18.03,16.97,1994.24,1994.06,0.0000469
10/15/2015,16.05,17.51,2023.86,2023.92,0.0000288
10/16/2015,15.05,17.56,2033.11,2032.95,0.0000263
10/19/2015,14.98,16.55,2033.66,2034.05,0.0000279
10/20/2015,15.75,16.44,2030.77,2031.23,0.0000254
10/21/2015,16.7,15.94,2018.94,2019.02,0.0000558
10/22/2015,14.45,16.94,2052.51,2052.54,0.0000587
10/23/2015,14.46,17.34,2075.15,2075.33,0.0000724
10/26/2015,15.29,17.37,2071.18,2070.94,0.0000146
10/27/2015,15.43,14.83,2065.89,2066.01,0.0000344
10/28/2015,14.33,15.34,2090.35,2090.15,0.0000885
10/29/2015,14.61,13.86,2089.41,2089.38,0.0000232
10/30/2015,15.07,13.91,2079.36,2079.51,0.0000285
11/2/2015,14.15,13.5,2104.05,2103.92,0.0000177
11/3/2015,14.54,11.99,2109.79,2109.87,0.0000234
11/4/2015,15.51,11.97,2102.31,2102.64,0.0000377
11/5/2015,15.05,11.69,2099.93,2100.12,0.0000341
11/6/2015,14.33,11.26,2099.2,2099.25,0.0000364
11/9/2015,16.52,11.75,2078.58,2078.8,0.000058
11/10/2015,15.29,11.76,2081.72,2082.06,0.0000302
11/11/2015,16.06,11.62,2075,2074.9,0.0000224
11/12/2015,18.37,12.45,2045.97,2046.03,0.0000763
11/13/2015,20.08,11.99,2023.04,2023.15,0.0000445
11/16/2015,18.16,12.96,2053.19,2053.07,0.0000512
11/17/2015,18.84,12.97,2050.44,2050.49,0.0000566
11/18/2015,16.85,14.12,2083.58,2083.46,0.0000504
11/19/2015,16.99,13.96,2081.24,2081.19,0.0000216
11/20/2015,15.47,12.75,2089.17,2089.18,0.0000324
11/23/2015,15.62,12.16,2086.59,2086.64,0.0000188
11/24/2015,15.93,12.14,2089.14,2089.36,0.0000427
11/25/2015,15.19,12.12,2088.87,2089.01,0.0000102
11/27/2015,15.12,11.46,2090.11,2090.11,0.00000617
11/30/2015,16.13,11.51,2080.41,2081.34,0.0000196
12/1/2015,14.67,11.93,2102.63,2102.37,0.0000387
12/2/2015,15.91,11.93,2079.51,2079.78,0.000027
12/3/2015,18.11,12.87,2049.62,2050.03,0.0000711
12/4/2015,14.81,14.53,2091.69,2091.14,0.0000714
12/7/2015,15.84,14.7,2077.07,2077.18,0.0000657
12/8/2015,17.6,14.86,2063.59,2063.785,0.000164325
12/9/2015,19.61,14.74,2047.62,2047.81,0.000110013
12/10/2015,19.34,14.75,2052.23,2052.31,0.000061
12/11/2015,24.39,16.24,2012.37,2012.32,0.000134694
12/14/2015,22.73,15.62,2021.94,2022.32,0.000153609
12/15/2015,20.95,15.53,2043.41,2043.47,0.000112569
12/16/2015,17.86,15.44,2073.07,2072.85,0.0000967
12/17/2015,18.94,16.28,2041.89,2042.04,0.0000819
12/18/2015,20.7,16.57,2005.55,2005.48,0.0000951
12/21/2015,18.7,16.82,2021.15,2021.09,0.0000787
12/22/2015,16.6,17.05,2038.97,2039.11,0.000041
12/23/2015,15.57,17.58,2064.29,2064.28,0.0000341
12/24/2015,15.74,17.6,2060.99,2060.99,0.00000785
12/28/2015,16.91,17.61,2056.5,2056.6,0.0000297
12/29/2015,16.08,18,2078.36,2078.15,0.0000403
12/30/2015,17.29,18.14,2063.36,2063.24,0.0000191
12/31/2015,18.21,18.15,2043.94,2043.65,0.0000482
1/4/2016,20.7,18.47,2012.66,2012.98,0.000347597
1/5/2016,19.34,17.82,2016.71,2016.93,0.0000626
1/6/2016,20.59,17.13,1990.26,1990.615,0.000198655
1/7/2016,24.99,18.98,1943.09,1943.15,0.000391137
1/8/2016,27.01,19.21,1922.03,1921.74,0.000176278
1/11/2016,24.3,19.01,1923.67,1923.42,0.000162105
1/12/2016,22.47,19.2,1938.68,1938.84,0.000178491
1/13/2016,25.22,19.96,1890.28,1890.28,0.0002054
1/14/2016,23.95,20.68,1921.84,1921.31,0.000162903
1/15/2016,27.02,21.76,1880.33,1880.1,0.00050904
1/19/2016,26.05,21.21,1881.33,1881.34,0.000199951
1/20/2016,27.59,20.96,1859.33,1859.48,0.000436934
1/21/2016,26.69,20.04,1868.99,1868.72,0.000297231
1/22/2016,22.34,21.02,1906.9,1906.82,0.000182307
1/25/2016,24.15,21.45,1877.08,1877.38,0.0000711
1/26/2016,22.5,21.53,1903.63,1903.61,0.000128348
1/27/2016,23.11,21.84,1882.95,1883.12,0.000201177
1/28/2016,22.42,21.91,1893.36,1893.06,0.00025759
1/29/2016,20.2,22.98,1940.24,1938.25,0.0000744
2/1/2016,19.98,22.84,1939.38,1938.85,0.000122926
2/2/2016,21.98,23.47,1903.03,1903.01,0.000120066
2/3/2016,21.65,22.98,1912.53,1912.58,0.000275962
2/4/2016,21.84,22.97,1915.45,1915.38,0.0001841
2/5/2016,23.38,23.44,1880.05,1879.91,0.000142048
2/8/2016,26,22.36,1853.44,1853.62,0.000293488
2/9/2016,26.54,22.05,1852.21,1852.52,0.000297181
2/10/2016,26.29,22.05,1851.86,1851.68,0.000165026
2/11/2016,28.14,22.31,1829.08,1828.64,0.000305049
2/12/2016,25.4,21.56,1864.78,1864.41,0.000097
2/16/2016,24.11,21.54,1895.58,1895.08,0.0000925
2/17/2016,22.31,20.93,1926.82,1926.54,0.0000735
2/18/2016,21.64,20.99,1917.83,1917.61,0.0000435
2/19/2016,20.53,20.6,1917.78,1917.57,0.0000701
2/22/2016,19.38,21.11,1945.5,1945.23,0.0000674
2/23/2016,20.98,20.38,1921.27,1921.27,0.0000497
2/24/2016,20.72,19.76,1929.8,1929.57,0.000186458
2/25/2016,19.11,19.61,1951.7,1951.75,0.0000679
2/26/2016,19.81,19.25,1948.05,1947.89,0.0000554
2/29/2016,20.55,19.45,1932.23,1931.82,0.0000479
3/1/2016,17.7,19.76,1978.35,1977.97,0.0000645
3/2/2016,17.09,19.81,1986.45,1986.15,0.0000426
3/3/2016,16.7,18.8,1993.4,1993.36,0.0000281
3/4/2016,16.86,18.73,1999.99,1999.61,0.0000407
3/7/2016,17.35,18.73,2001.76,2001.57,0.0000503
3/8/2016,18.67,17.92,1979.26,1979.44,0.0000715
3/9/2016,18.34,17.37,1989.26,1988.96,0.0000571
3/10/2016,18.05,17.37,1989.57,1989.65,0.000110859
3/11/2016,16.5,18.21,2022.19,2021.92,0.0000609
3/14/2016,16.92,17.68,2019.64,2019.46,0.0000195
3/15/2016,16.84,16.38,2015.93,2015.84,0.0000328
3/16/2016,14.99,15.51,2027.22,2027.61,0.0000738
3/17/2016,14.44,14.56,2040.59,2040.6,0.0000233
3/18/2016,14.02,14.53,2049.58,2049.14,0.000026
3/21/2016,13.79,14.53,2051.6,2051.49,0.0000175
3/22/2016,14.17,13.67,2049.8,2050.04,0.0000267
3/23/2016,14.94,13.18,2036.71,2036.72,0.0000219
3/24/2016,14.74,13.09,2035.94,2035.98,0.0000359
3/28/2016,15.24,12.46,2037.05,2037.06,0.0000157
3/29/2016,13.82,12.82,2055.01,2055.21,0.000031
3/30/2016,13.56,12.49,2063.95,2064.03,0.0000305
3/31/2016,13.95,9.07,2059.74,2059.73,0.0000139
4/1/2016,13.1,9.25,2072.78,2072.89,0.0000515
4/4/2016,14.12,9.24,2066.13,2066,0.000018
4/5/2016,15.42,9.8,2045.17,2045.31,0.0000634
4/6/2016,14.09,10.42,2066.66,2066.79,0.0000307
4/7/2016,16.16,10.55,2041.91,2042.06,0.0000598
4/8/2016,15.36,10.45,2047.6,2047.6,0.0000464
4/11/2016,16.26,10.49,2041.99,2042.11,0.0000377
4/12/2016,14.85,9.54,2061.72,2061.78,0.0000377
4/13/2016,13.84,10.12,2082.42,2082.45,0.0000337
4/14/2016,13.72,10.11,2082.78,2082.53,0.0000163
4/15/2016,13.62,9.92,2080.73,2080.45,0.00000611
4/18/2016,13.35,9.96,2094.34,2094.36,0.0000209
4/19/2016,13.24,9.92,2100.8,2100.79,0.00002
4/20/2016,13.28,9.91,2102.4,2102.41,0.0000154
4/21/2016,13.95,10.08,2091.48,2091.61,0.0000239
4/22/2016,13.22,9.82,2091.58,2091.67,0.0000223
4/25/2016,14.08,9.83,2087.79,2087.92,0.0000217
4/26/2016,13.96,9.85,2091.7,2091.48,0.0000172
4/27/2016,13.77,9.36,2095.15,2095.51,0.0000306
4/28/2016,15.22,9.76,2075.81,2076.205,0.0000365
4/29/2016,15.7,9.9,2065.3,2065.51,0.0000523
5/2/2016,14.68,10.01,2081.43,2081.4,0.0000231
5/3/2016,15.6,10.39,2063.37,2063.4,0.0000519
5/4/2016,16.05,10.03,2051.12,2051.17,0.0000355
5/5/2016,15.91,9.37,2050.63,2050.5,0.0000341
5/6/2016,14.72,8.49,2057.14,2057.2,0.000043
5/9/2016,14.57,8.44,2058.69,2058.89,0.0000219
5/10/2016,13.63,9.43,2084.39,2084.39,0.0000206
5/11/2016,14.69,9.44,2064.46,2064.62,0.0000224
5/12/2016,14.41,8.8,2064.11,2064.46,0.0000474
5/13/2016,15.04,9.33,2046.61,2046.55,0.0000336
5/16/2016,14.68,9.93,2066.66,2066.61,0.0000201
5/17/2016,15.57,10.2,2047.21,2046.93,0.0000356
5/18/2016,15.95,10.15,2047.63,2047.42,0.0000916
5/19/2016,16.33,10.21,2040.04,2039.94,0.0000647
5/20/2016,15.2,10.24,2052.32,2052.15,0.0000262
5/23/2016,15.82,10.25,2048.04,2048.43,0.0000112
5/24/2016,14.42,11.19,2076.06,2075.97,0.0000279
5/25/2016,13.9,11.42,2090.54,2090.18,0.0000224
5/26/2016,13.43,11.4,2090.1,2090.08,0.0000117
5/27/2016,13.12,11.04,2099.06,2098.71,0.0000089
5/31/2016,14.19,10.89,2096.96,2096.7,0.0000173
6/1/2016,14.2,10.55,2099.33,2099.22,0.0000296
6/2/2016,13.63,10.15,2105.26,2104.91,0.000018
6/3/2016,13.47,9.99,2099.13,2099.07,0.0000353
6/6/2016,13.65,10.15,2109.41,2109.35,0.0000155
6/7/2016,14.05,10.1,2112.13,2112.42,0.00000675
6/8/2016,14.08,10.15,2119.12,2119.15,0.0000102
6/9/2016,14.64,9.2,2115.48,2115.57,0.0000199
6/10/2016,17.03,9.15,2096.07,2096.22,0.0000383
6/13/2016,20.97,9.57,2079.06,2079.17,0.0000274
6/14/2016,20.5,9.07,2075.32,2075.39,0.0000389
6/15/2016,20.14,8.42,2071.5,2072.04,0.0000243
6/16/2016,19.37,7.79,2077.99,2078.09,0.0000551
6/17/2016,19.41,7.9,2071.22,2071.22,0.0000296
6/20/2016,18.37,8.1,2083.25,2083.45,0.0000753
6/21/2016,18.48,7.9,2088.9,2088.82,0.0000236
6/22/2016,21.17,7.9,2085.45,2085.48,0.0000258
6/23/2016,17.25,7.89,2113.32,2112.95,0.0000342
6/24/2016,25.76,14.78,2037.41,2037.28,0.000628418
6/27/2016,23.85,16.01,2000.54,2000.6,0.000128667
6/28/2016,18.75,17.07,2036.09,2035.91,0.0000836
6/29/2016,16.64,18.04,2070.77,2070.5,0.0000633
6/30/2016,15.63,18.65,2098.86,2098.93,0.0000344
7/1/2016,14.77,18.63,2102.95,2102.62,0.0000151
7/5/2016,15.58,18.75,2088.55,2088.23,0.0000278
7/6/2016,14.96,18.77,2099.73,2099.61,0.0000477
7/7/2016,14.76,18.77,2097.9,2097.7,0.0000295
7/8/2016,13.2,19.44,2129.9,2129.38,0.0000153
7/11/2016,13.54,19.47,2137.16,2136.94,0.0000186
7/12/2016,13.55,19.37,2152.14,2152.05,0.0000314
7/13/2016,13.04,19.16,2152.43,2152.21,0.0000132
7/14/2016,12.82,19.24,2163.75,2163.5,0.0000272
7/15/2016,12.67,19.23,2161.74,2161.39,0.0000112
7/18/2016,12.44,19.23,2166.89,2166.77,0.00000639
7/19/2016,11.97,19.19,2163.78,2163.79,0.00000695
7/20/2016,11.77,19.12,2173.02,2173.11,0.00000512
7/21/2016,12.74,19.15,2165.17,2164.99,0.0000114
7/22/2016,12.02,19.2,2175.03,2174.75,0.000007
7/25/2016,12.87,18.68,2168.48,2168.54,0.0000107
7/26/2016,13.05,13.69,2169.18,2169.15,0.0000203
7/27/2016,12.83,12.23,2166.58,2166.98,0.000023
7/28/2016,12.72,10.62,2170.06,2169.94,0.000024
7/29/2016,11.87,8.88,2173.6,2173.28,0.0000161
8/1/2016,12.44,7.5,2170.84,2170.68,0.0000221
8/2/2016,13.37,7.78,2157.03,2157.09,0.0000249
8/3/2016,12.86,7.48,2163.79,2163.42,0.0000118
8/4/2016,12.42,7.2,2164.25,2164.37,0.0000112
8/5/2016,11.39,7.73,2182.87,2182.36,0.00000967
8/8/2016,11.5,5.76,2180.89,2180.77,0.00000562
8/9/2016,11.66,5.63,2181.74,2181.67,0.00000515
8/10/2016,12.05,5.14,2175.49,2175.52,0.0000106
8/11/2016,11.68,5.38,2185.79,2185.75,0.0000117
8/12/2016,11.55,5.07,2184.05,2183.78,0.00000526
8/15/2016,11.81,5.17,2190.15,2190.16,0.0000039
8/16/2016,12.64,5.41,2178.15,2178.26,0.0000115
8/17/2016,12.19,5.41,2182.22,2181.93,0.0000164
8/18/2016,11.43,5.28,2187.02,2186.82,0.00000616
8/19/2016,11.34,5.13,2183.87,2183.65,0.0000141
8/22/2016,12.27,4.91,2182.64,2182.7,0.0000226
8/23/2016,12.38,4.88,2186.9,2186.91,0.00000663
8/24/2016,13.45,5.16,2175.44,2175.76,0.0000107
8/25/2016,13.63,5.17,2172.47,2172.73,0.0000154
8/26/2016,13.65,5.2,2169.04,2169.36,0.0000376
8/29/2016,12.94,5.49,2180.38,2180.42,0.0000086
8/30/2016,13.12,5.52,2176.12,2176.14,0.0000141
8/31/2016,13.42,5.2,2170.95,2170.76,0.0000127
9/1/2016,13.48,5.11,2170.86,2170.61,0.0000244
9/2/2016,11.98,5.34,2179.98,2179.93,0.0000147
9/6/2016,12.02,4.64,2186.48,2186.5,0.0000105
9/7/2016,11.94,4.64,2186.16,2186.14,0.00000713
9/8/2016,12.51,4.71,2181.3,2181.14,0.00000872
9/9/2016,17.5,9.68,2127.81,2128.19,0.0000441
9/12/2016,15.16,10.79,2159.04,2159.06,0.0000566
9/13/2016,17.85,11.97,2127.02,2127.02,0.000094
9/14/2016,18.14,11.93,2125.77,2125.85,0.0000468
9/15/2016,16.3,12.28,2147.26,2147.27,0.0000373
9/16/2016,15.37,12.35,2139.16,2138.93,0.0000427
9/19/2016,15.53,12.32,2139.12,2139.15,0.0000243
9/20/2016,15.92,12.31,2139.76,2139.58,0.0000195
9/21/2016,13.3,12.9,2163.12,2163.04,0.0000335
9/22/2016,12.02,13.06,2177.18,2176.91,0.0000232
9/23/2016,12.29,13.08,2164.69,2164.92,0.0000117
9/26/2016,14.5,13.39,2146.1,2146.51,0.0000211
9/27/2016,13.1,13.55,2159.93,2159.89,0.0000246
9/28/2016,12.39,13.53,2171.37,2171.12,0.000023
9/29/2016,14.02,13.89,2151.13,2151.12,0.0000463
9/30/2016,13.29,14.11,2168.27,2168,0.0000308
10/3/2016,13.57,14.15,2161.2,2160.97,0.0000171
10/4/2016,13.63,14.16,2150.49,2150.54,0.0000433
10/5/2016,12.99,14.18,2159.73,2159.625,0.0000123
10/6/2016,12.84,14.18,2160.77,2160.8,0.0000177
10/7/2016,13.48,14.21,2153.74,2153.74,0.0000274
10/10/2016,13.38,11.52,2163.66,2163.64,0.0000112
10/11/2016,15.36,11.22,2136.73,2136.96,0.0000342
10/12/2016,15.91,9.95,2139.18,2139.4,0.0000183
10/13/2016,16.69,10.01,2132.55,2132.74,0.0000379
10/14/2016,16.12,9.4,2132.98,2133.19,0.0000265
10/17/2016,16.21,9.36,2126.5,2126.44,0.0000151
10/18/2016,15.28,9.59,2139.6,2139.42,0.0000167
10/19/2016,14.41,9.62,2144.29,2144.38,0.00000742
10/20/2016,13.75,8.82,2141.34,2141.18,0.0000293
10/21/2016,13.34,8.57,2141.16,2141,0.0000203
10/24/2016,13.02,8.49,2151.33,2150.88,0.0000115
10/25/2016,13.46,8.06,2143.16,2143.36,0.0000104
10/26/2016,14.24,7.8,2139.43,2139.53,0.0000229
10/27/2016,15.36,7.67,2133.04,2133.36,0.0000228
10/28/2016,16.19,7.06,2126.41,2126.48,0.0000588
10/31/2016,17.06,6.53,2126.15,2126.26,0.0000141
11/1/2016,18.56,6.87,2111.72,2111.74,0.0000354
11/2/2016,19.32,7.05,2097.94,2098.06,0.000044
11/3/2016,22.08,7.08,2088.66,2088.72,0.0000183
11/4/2016,22.51,7.1,2085.18,2085.38,0.0000317
11/7/2016,18.71,10.32,2131.52,2131.37,0.0000582
11/8/2016,18.74,10.26,2139.56,2139.72,0.0000316
11/9/2016,14.38,10.04,2163.26,2163.01,0.000121685
11/10/2016,14.74,10.06,2167.48,2167.67,0.00011263
11/11/2016,14.17,10.02,2164.45,2164.18,0.0000314
11/14/2016,14.48,10.02,2164.2,2164.41,0.0000274
11/15/2016,13.37,10.29,2180.39,2180.43,0.0000111
11/16/2016,13.72,10.1,2176.94,2176.95,0.0000145
11/17/2016,13.35,10.21,2187.12,2187.08,0.00000683
11/18/2016,12.85,10.22,2181.9,2182.03,0.00000949
11/21/2016,12.42,10.53,2198.18,2198.195,0.00000926
11/22/2016,12.41,10.45,2202.94,2202.78,0.00000851
11/23/2016,12.43,10.39,2204.72,2204.53,0.0000075
11/25/2016,12.34,10.48,2213.35,2213.35,0.00000199
11/28/2016,13.15,10.59,2201.72,2201.93,0.00000972
11/29/2016,12.9,10.54,2204.66,2204.775,0.00000915
11/30/2016,13.33,10.58,2198.81,2199.28,0.000028
12/1/2016,14.07,10.39,2191.08,2191.06,0.0000213
12/2/2016,14.12,10.15,2191.95,2192.08,0.0000146
12/5/2016,12.14,10.23,2204.71,2204.71,0.00000843
12/6/2016,11.79,10.28,2212.23,2212.27,0.00000886
12/7/2016,12.22,8.2,2241.35,2240.77,0.0000227
12/8/2016,12.64,8.13,2246.19,2245.99,0.0000162
12/9/2016,11.75,7.54,2259.53,2259.54,0.0000084
12/12/2016,12.64,7.51,2256.96,2256.96,0.0000145
12/13/2016,12.72,7.81,2271.72,2271.63,0.0000152
12/14/2016,13.19,8.32,2253.28,2253.38,0.0000783
12/15/2016,12.79,8.01,2262.03,2261.98,0.0000287
12/16/2016,12.2,8,2258.07,2257.99,0.000021
12/19/2016,11.71,7.86,2262.53,2262.61,0.00000954
12/20/2016,11.45,7.92,2270.76,2270.66,0.00000816
12/21/2016,11.27,7.56,2265.18,2265.28,0.00000382
12/22/2016,11.43,7.53,2260.96,2260.99,0.00000642
12/23/2016,11.44,7.53,2263.79,2263.56,0.00000261
12/27/2016,11.99,7.37,2268.88,2268.83,0.00000559
12/28/2016,12.95,7.52,2249.92,2249.99,0.0000124
12/29/2016,13.37,7.51,2249.26,2249.43,0.0000116
12/30/2016,14.04,7.65,2238.83,2239.79,0.000022
1/3/2017,12.85,8.02,2257.83,2257.47,0.0000353
1/4/2017,11.85,8.25,2270.75,2270.64,0.0000133
1/5/2017,11.67,8.01,2269,2269.02,0.0000118
1/6/2017,11.32,8.02,2276.98,2277.18,0.000015
1/9/2017,11.56,6.8,2268.9,2269.23,0.00000806
1/10/2017,11.49,6.75,2268.9,2268.97,0.0000126
1/11/2017,11.26,6.47,2275.32,2275.12,0.0000288
1/12/2017,11.54,6.5,2270.44,2270.3,0.0000237
1/13/2017,11.23,6.14,2274.64,2274.56,0.00000846
1/17/2017,11.87,5.53,2267.89,2267.81,0.00000954
1/18/2017,12.48,5.4,2271.89,2271.81,0.0000112
1/19/2017,12.78,5.5,2263.69,2263.62,0.0000154
1/20/2017,11.54,5.57,2271.31,2271.12,0.0000206
1/23/2017,11.77,5.5,2265.2,2265.42,0.0000183
1/24/2017,11.07,5.82,2280.07,2279.99,0.00000774
1/25/2017,10.81,6.49,2298.37,2298.44,0.00000864
1/26/2017,10.63,6.5,2296.68,2296.68,0.00000872
1/27/2017,10.58,6.51,2294.69,2294.47,0.0000066
1/30/2017,11.88,6.42,2280.9,2280.49,0.0000201
1/31/2017,11.99,6.42,2278.87,2278.95,0.0000171
2/1/2017,11.81,6.19,2279.55,2279.32,0.0000206
2/2/2017,11.93,5.53,2280.85,2280.82,0.0000162
2/3/2017,10.97,5.69,2297.42,2297.09,0.00000805
2/6/2017,11.37,5.71,2292.56,2292.54,0.00000625
2/7/2017,11.29,5.59,2293.08,2292.82,0.0000076
2/8/2017,11.45,5.49,2294.67,2294.59,0.0000122
2/9/2017,10.88,5.81,2307.87,2307.67,0.00000633
2/10/2017,10.85,5.89,2316.1,2316.25,0.00000469
2/13/2017,11.07,6.13,2328.25,2328.18,0.00000492
2/14/2017,10.74,6.24,2337.58,2337.39,0.0000108
2/15/2017,11.97,6.35,2349.25,2349.05,0.00000909
2/16/2017,11.76,6.33,2347.22,2347.13,0.0000222
2/17/2017,11.49,6.24,2351.16,2350.86,0.00000815
2/21/2017,11.57,6.5,2365.38,2364.92,0.0000112
2/22/2017,11.74,6.46,2362.82,2362.52,0.00000691
2/23/2017,11.71,6.1,2363.81,2363.71,0.0000107
2/24/2017,11.47,5.39,2367.34,2366.94,0.0000148
2/27/2017,12.09,5.4,2369.75,2369.71,0.00000836
2/28/2017,12.92,5.45,2363.64,2363.91,0.00000816
3/1/2017,12.54,6.86,2395.96,2395.8,0.0000142
3/2/2017,11.81,7.18,2381.92,2381.58,0.000015
3/3/2017,10.96,7.18,2383.12,2382.63,0.00000985
3/6/2017,11.24,7.24,2375.31,2375.46,0.00000935
3/7/2017,11.45,6.93,2368.39,2368.17,0.00000959
3/8/2017,11.86,6.94,2362.98,2363.11,0.0000113
3/9/2017,12.3,6.95,2364.87,2365.01,0.0000122
3/10/2017,11.66,7.04,2372.6,2372.96,0.0000139
3/13/2017,11.35,6.77,2373.47,2373.64,0.00000546
3/14/2017,12.3,6.76,2365.45,2365.37,0.0000144
3/15/2017,11.63,7.13,2385.26,2384.63,0.0000185
3/16/2017,11.21,7.04,2381.38,2381.19,0.0000104
3/17/2017,11.28,6.87,2378.25,2377.94,0.00000639
3/20/2017,11.34,6.88,2373.47,2373.46,0.000012
3/21/2017,12.47,8.13,2344.02,2343.93,0.000042
3/22/2017,12.81,7.88,2348.45,2348.53,0.0000287
3/23/2017,13.12,7.88,2345.96,2346.04,0.0000261
3/24/2017,12.96,7.88,2343.98,2344.34,0.0000256
3/27/2017,12.5,7.89,2341.59,2341.61,0.0000229
3/28/2017,11.53,8.26,2358.57,2358.55,0.0000217
3/29/2017,11.42,8.22,2361.13,2361.22,0.0000104
3/30/2017,11.54,6.84,2368.06,2368.07,0.00000899
3/31/2017,12.37,6.56,2362.72,2362.65,0.0000117
4/3/2017,12.38,6.57,2358.84,2358.95,0.0000244
4/4/2017,11.79,6.51,2360.16,2360,0.0000131
4/5/2017,12.89,6.52,2352.95,2352.8,0.0000386
4/6/2017,12.39,6.53,2357.49,2357.61,0.0000262
4/7/2017,12.87,6.53,2355.54,2355.68,0.0000202
4/10/2017,14.05,6.43,2357.16,2357.12,0.0000233
4/11/2017,15.07,6.45,2353.78,2353.96,0.0000317
4/12/2017,15.77,6.46,2344.93,2344.74,0.0000228
4/13/2017,15.96,6.22,2328.95,2329.13,0.0000239
4/17/2017,14.66,6.86,2349.01,2349.1,0.0000127
4/18/2017,14.42,6.92,2342.19,2342.16,0.0000184
4/19/2017,14.93,6.93,2338.17,2337.94,0.0000131
4/20/2017,14.15,5.99,2355.84,2356.03,0.0000126
4/21/2017,14.63,6.05,2348.69,2348.93,0.0000145
4/24/2017,10.84,7.13,2374.15,2374.08,0.00000846
4/25/2017,10.76,7.44,2388.61,2388.59,0.00000723
4/26/2017,10.85,7.43,2387.45,2387.55,0.0000222
4/27/2017,10.36,7,2388.77,2388.89,0.0000108
4/28/2017,10.82,7.03,2384.2,2384.05,0.00000886
5/1/2017,10.11,7.02,2388.33,2389,0.00000753
5/2/2017,10.59,6.97,2391.17,2390.84,0.00000584
5/3/2017,10.68,6.97,2388.13,2387.84,0.00000822
5/4/2017,10.46,6.97,2389.52,2389.49,0.0000137
5/5/2017,10.57,7.03,2399.29,2399.22,0.00000558
5/8/2017,9.77,6.99,2399.38,2398.91,0.00000695
5/9/2017,9.96,6.98,2396.92,2396.83,0.0000065
5/10/2017,10.21,6.99,2399.63,2399.45,0.0000048
5/11/2017,10.6,7.01,2394.44,2394.59,0.0000116
5/12/2017,10.4,6.91,2390.9,2390.61,0.00000547
5/15/2017,10.42,6.72,2402.32,2402.32,0.00000549
5/16/2017,10.65,6.02,2400.67,2400.57,0.00000759
5/17/2017,15.59,8.61,2357.03,2357.45,0.0000325
5/18/2017,14.66,8.68,2365.72,2365.73,0.0000433
5/19/2017,12.04,8.58,2381.73,2381.57,0.0000134
5/22/2017,10.93,8.7,2394.02,2393.89,0.00000639
5/23/2017,10.72,7.86,2398.42,2398.6,0.00000532
5/24/2017,10.02,7.61,2404.39,2404.28,0.00000492
5/25/2017,9.99,7.77,2415.07,2414.99,0.00000854
5/26/2017,9.81,7.76,2415.82,2415.53,0.00000364
5/30/2017,10.38,7.74,2412.91,2412.86,0.00000436
5/31/2017,10.41,7.69,2411.8,2411.71,0.0000144
6/1/2017,9.89,8.15,2430.06,2429.91,0.00000803
6/2/2017,9.75,8.2,2439.07,2438.16,0.00000717
6/5/2017,10.07,8.2,2436.1,2436.27,0.00000483
6/6/2017,10.45,8.12,2429.33,2429.44,0.00000853
6/7/2017,10.39,8.13,2433.14,2433.1,0.00000859
6/8/2017,10.16,8.13,2433.79,2433.82,0.000013
6/9/2017,10.7,8.14,2431.77,2431.23,0.000036
6/12/2017,11.46,8.1,2429.39,2429.5,0.0000199
6/13/2017,10.42,8.23,2440.35,2440.34,0.00000802
6/14/2017,10.64,8.06,2437.92,2437.86,0.0000204
6/15/2017,10.9,8.09,2432.46,2432.53,0.0000166
6/16/2017,10.38,5.15,2433.15,2433.05,0.0000112
6/19/2017,10.37,5.78,2453.46,2453.06,0.00000588
6/20/2017,10.86,5.73,2437.03,2437.18,0.0000102
6/21/2017,10.75,5.44,2435.61,2435.93,0.0000129
6/22/2017,10.48,5.4,2434.5,2434.66,0.00000723
6/23/2017,10.02,5.37,2438.3,2438.13,0.00000826
6/26/2017,9.9,5.14,2439.07,2439.02,0.0000142
6/27/2017,11.06,5.78,2419.38,2419.73,0.0000195
6/28/2017,10.03,6.44,2440.69,2440.46,0.0000163
6/29/2017,11.44,7.1,2419.7,2419.78,0.0000478
6/30/2017,11.18,6.59,2423.41,2423.51,0.0000192
7/3/2017,11.22,6.56,2429.01,2429.01,0.0000116
7/5/2017,11.07,6.58,2432.54,2432.57,0.0000121
7/6/2017,12.54,7.25,2409.75,2410.09,0.00002
7/7/2017,11.19,7.54,2425.18,2425.04,0.00000922
7/10/2017,11.11,7.55,2427.43,2427.63,0.00000629
7/11/2017,10.89,7.54,2425.53,2425.72,0.0000204
7/12/2017,10.3,7.95,2443.25,2443.48,0.00000984
7/13/2017,9.9,7.83,2447.83,2448.04,0.00000475
7/14/2017,9.51,7.97,2459.27,2459.22,0.00000474
7/17/2017,9.82,7.94,2459.14,2459.02,0.00000313
7/18/2017,9.89,7.94,2460.61,2460.68,0.00000887
7/19/2017,9.79,7.61,2473.83,2473.5,0.00000393
7/20/2017,9.58,7.3,2473.45,2474.03,0.00000816
7/21/2017,9.36,7.3,2472.54,2472.32,0.00000465
7/24/2017,9.43,7.3,2469.91,2470.93,0.00000353
7/25/2017,9.43,7.33,2477.13,2477.23,0.00000394
7/26/2017,9.6,7.33,2477.83,2477.84,0.00000584
7/27/2017,10.11,6.84,2475.42,2475.45,0.0000263
7/28/2017,10.29,6.23,2472.1,2472.1,0.00000768
7/31/2017,10.26,5.46,2470.3,2470.87,0.00000764
8/1/2017,10.09,5.48,2476.35,2476.18,0.00000685
8/2/2017,10.28,5.43,2477.57,2477.16,0.0000132
8/3/2017,10.44,5.44,2472.16,2472.05,0.00000712
8/4/2017,10.03,4.43,2476.83,2476.36,0.00000772
8/7/2017,9.93,3.95,2480.91,2480.75,0.00000195
8/8/2017,10.96,4.01,2474.92,2474.92,0.0000107
8/9/2017,11.11,4,2474.02,2473.92,0.0000183
8/10/2017,16.04,5.84,2438.21,2438.29,0.0000307
8/11/2017,15.51,5.83,2441.32,2441.42,0.0000162
8/14/2017,12.33,6.58,2465.84,2465.28,0.0000102
8/15/2017,12.04,6.58,2464.61,2464.76,0.0000076
8/16/2017,11.74,6.59,2468.11,2468.18,0.0000096
8/17/2017,15.55,8.29,2430.01,2430.26,0.0000321
8/18/2017,14.26,8.32,2425.55,2425.52,0.0000291
8/21/2017,13.19,8.33,2428.37,2428.22,0.0000145
8/22/2017,11.35,9.02,2452.51,2452.49,0.0000111
8/23/2017,12.25,9.07,2444.04,2444.04,0.0000112
8/24/2017,12.23,9.1,2438.97,2438.94,0.0000167
8/25/2017,11.28,9.12,2443.05,2443.49,0.0000124
8/28/2017,11.32,9.11,2444.24,2444.05,0.00000744
8/29/2017,11.7,9.11,2446.3,2446.42,0.00000914
8/30/2017,11.22,9.21,2457.59,2457.42,0.00000795
8/31/2017,10.59,9.41,2471.65,2471.6,0.00000828
9/1/2017,10.13,9.4,2476.55,2476.34,0.00000681
9/5/2017,12.23,9.71,2457.85,2457.92,0.0000345
9/6/2017,11.63,9.76,2465.54,2465.8,0.00000719
9/7/2017,11.55,9.73,2465.1,2465.16,0.0000122
9/8/2017,12.12,9.74,2461.43,2461.68,0.00000687
9/11/2017,10.73,9.16,2488.11,2487.98,0.00000779
9/12/2017,10.58,9.23,2496.48,2496.77,0.0000046
9/13/2017,10.5,8.57,2498.37,2498.14,0.00000346
9/14/2017,10.44,8.57,2495.62,2496.21,0.0000042
9/15/2017,10.17,8.57,2500.23,2499.81,0.00000356
9/18/2017,10.15,6.73,2503.87,2504.12,0.00000515
9/19/2017,10.18,6.7,2506.65,2506.73,0.00000439
9/20/2017,9.78,6.69,2508.24,2508.08,0.0000102
9/21/2017,9.67,5.78,2500.6,2500.88,0.00000774
9/22/2017,9.59,5.65,2502.22,2501.73,0.00000348
9/25/2017,10.21,5.64,2496.66,2496.65,0.0000135
9/26/2017,10.17,5.6,2496.84,2497.2,0.00000656
9/27/2017,9.87,5.77,2507.04,2507.17,0.000011
9/28/2017,9.55,5.77,2510.06,2509.86,0.00000515
9/29/2017,9.51,5.66,2519.36,2518.95,0.0000049
10/2/2017,9.45,5.59,2529.12,2529.16,0.00000547
10/3/2017,9.51,5.6,2534.58,2534.68,0.00000427
10/4/2017,9.63,5.05,2537.74,2537.73,0.00000512
10/5/2017,9.19,5.26,2552.07,2552.18,0.00000401
10/6/2017,9.65,5.27,2549.33,2548.93,0.00000467
10/9/2017,10.33,5.28,2544.73,2544.61,0.00000378
10/10/2017,10.08,3.87,2550.64,2550.8,0.00000718
10/11/2017,9.85,3.73,2555.24,2555.04,0.00000346
10/12/2017,9.91,3.77,2550.93,2550.52,0.00000395
10/13/2017,9.61,3.78,2553.17,2553.61,0.00000357
10/16/2017,9.91,3.8,2557.64,2557.5,0.00000388
10/17/2017,10.31,3.74,2559.36,2559.4,0.00000234
10/18/2017,10.07,3.74,2561.26,2561.21,0.00000309
10/19/2017,10.05,3.74,2562.1,2562.35,0.00000547
10/20/2017,9.97,4.03,2575.21,2574.92,0.00000428
10/23/2017,11.07,4.23,2564.98,2565.38,0.00000496
10/24/2017,11.16,4.21,2569.13,2569.32,0.00000635
10/25/2017,11.23,4.45,2557.15,2557.2,0.0000221
10/26/2017,11.3,4.23,2560.4,2560.4,0.0000124
10/27/2017,9.8,5.12,2581.07,2581.09,0.0000129
10/30/2017,10.5,5.17,2572.83,2572.72,0.0000102
10/31/2017,10.18,4.89,2575.26,2575.15,0.00000384
11/1/2017,10.2,4.86,2579.36,2579.35,0.00000989
11/2/2017,9.93,4.84,2579.85,2579.82,0.0000161
11/3/2017,9.14,4.59,2587.84,2587.84,0.00000447
11/6/2017,9.4,4.59,2591.13,2591.19,0.00000309
11/7/2017,9.89,4.56,2590.64,2589.63,0.00000833
11/8/2017,9.78,4.52,2594.38,2594.36,0.00000565
11/9/2017,10.5,4.69,2584.62,2584.72,0.0000277
11/10/2017,11.29,4.66,2582.3,2582.42,0.00000688
11/13/2017,11.5,4.66,2584.84,2584.92,0.00000479
11/14/2017,11.59,4.7,2578.87,2578.84,0.0000193
11/15/2017,13.13,5.06,2564.62,2564.85,0.0000223
11/16/2017,11.76,5.76,2585.64,2585.67,0.00000805
11/17/2017,11.43,5.84,2578.85,2578.77,0.00000545
11/20/2017,10.65,5.6,2582.14,2582.26,0.0000046
11/21/2017,9.73,5.88,2599.03,2599.24,0.00000481
11/22/2017,9.88,5.87,2597.08,2597.09,0.00000282
11/24/2017,9.67,5.75,2602.42,2602.42,0.00000122
11/27/2017,9.87,5.75,2601.42,2601.5,0.00000466
11/28/2017,10.03,6.01,2627.04,2627.27,0.000011
11/29/2017,10.7,5.88,2626.07,2626,0.0000161
11/30/2017,11.28,6.47,2647.58,2647.2,0.0000273
12/1/2017,11.43,6.48,2642.22,2641.78,0.0000888
12/4/2017,11.68,6.49,2639.44,2639.04,0.0000227
12/5/2017,11.33,6.53,2629.57,2629.45,0.0000164
12/6/2017,11.02,6.51,2629.27,2629.39,0.000013
12/7/2017,10.16,6.58,2636.98,2637.11,0.00000891
12/8/2017,9.58,6.8,2651.5,2651.52,0.00000716
12/11/2017,9.34,6.77,2659.99,2659.97,0.00000629
12/12/2017,9.92,6.78,2664.11,2664.39,0.00000654
12/13/2017,10.18,6.77,2662.85,2663.43,0.0000121
12/14/2017,10.49,6.87,2652.01,2652.49,0.0000117
12/15/2017,9.42,7.15,2675.81,2675.3,0.0000125
12/18/2017,9.53,6.95,2690.16,2690.63,0.00000845
12/19/2017,10.03,7.01,2681.47,2681.53,0.0000085
12/20/2017,9.72,6.99,2679.25,2679.37,0.0000135
12/21/2017,9.62,6.66,2684.57,2684.89,0.00000803
12/22/2017,9.9,6.66,2683.34,2683.65,0.0000044
12/26/2017,10.25,6.62,2680.5,2680.42,0.00000303
12/27/2017,10.47,6.64,2682.62,2682.41,0.00000271
12/28/2017,10.18,5.73,2687.54,2687.32,0.0000016
12/29/2017,11.04,5.83,2673.61,2675.92,0.0000067
1/2/2018,9.77,5.64,2695.81,2695.81,0.00000661
1/3/2018,9.15,5.99,2713.06,2712.71,0.00000572
1/4/2018,9.22,6.16,2723.99,2723.91,0.00000731
1/5/2018,9.22,6.51,2743.15,2742.43,0.00000789
1/8/2018,9.52,6.52,2747.71,2747.44,0.0000061
1/9/2018,10.08,6.49,2751.29,2751.69,0.0000106
1/10/2018,9.82,6.25,2748.23,2748.18,0.0000117
1/11/2018,9.88,6.54,2767.56,2767.51,0.00000698
1/12/2018,10.16,6.93,2786.24,2786.05,0.0000103
1/16/2018,11.66,7.02,2776.42,2776.52,0.0000317
1/17/2018,11.91,7.61,2802.56,2802.7,0.0000175
1/18/2018,12.22,7.13,2798.03,2798.31,0.0000214
1/19/2018,11.27,6.9,2810.3,2810.3,0.0000129
1/22/2018,11.03,7.31,2832.97,2833.03,0.0000124
1/23/2018,11.1,7.36,2839.13,2839.32,0.0000105
1/24/2018,11.47,7.33,2837.54,2838.01,0.0000376
1/25/2018,11.58,7.33,2839.25,2839.4,0.0000304
1/26/2018,11.08,8.3,2872.87,2872.46,0.0000091
1/29/2018,13.84,8.57,2853.53,2853.3,0.0000223
1/30/2018,14.79,9.34,2822.43,2822.56,0.0000349
1/31/2018,13.54,9.27,2823.81,2824.54,0.0000327
2/1/2018,13.47,9,2821.98,2821.84,0.0000334
2/2/2018,17.31,11.55,2762.13,2761.09,0.0000702
2/5/2018,37.32,18.53,2648.94,2648.49,0.00045518
2/6/2018,29.98,19.4,2695.14,2695.39,0.000665212
2/7/2018,27.73,19.49,2681.66,2681.41,0.000197216
2/8/2018,33.46,23.55,2581,2581.12,0.000364028
2/9/2018,29.06,24.08,2619.55,2619.74,0.000639321
2/12/2018,25.61,24.46,2656,2655.74,0.000165883
2/13/2018,24.97,24.37,2662.94,2663.11,0.0000711
2/14/2018,19.26,24.78,2698.63,2698.96,0.000099
2/15/2018,19.13,24.91,2731.2,2731.38,0.0000736
2/16/2018,19.46,24.91,2732.22,2732.36,0.0000721
2/20/2018,20.6,24.96,2716.26,2715.96,0.0000579
2/21/2018,20.02,24.87,2701.33,2701.51,0.0000774
2/22/2018,18.72,24.86,2703.96,2704.02,0.0000965
2/23/2018,16.49,25.46,2747.3,2747.62,0.0000431
2/26/2018,15.8,25.79,2779.6,2779.63,0.0000312
2/27/2018,18.59,25.88,2744.28,2744.25,0.0000802
2/28/2018,19.85,26.08,2713.83,2713.54,0.0000768
3/1/2018,22.47,26.2,2677.67,2676.49,0.000235584
3/2/2018,19.59,26.24,2691.25,2691.02,0.000119028
3/5/2018,18.73,26.56,2720.94,2721.02,0.0000588
3/6/2018,18.36,25.47,2728.12,2728.22,0.000046
3/7/2018,17.76,20.9,2726.8,2727.03,0.000047
3/8/2018,16.54,19.99,2738.97,2738.94,0.0000434
3/9/2018,14.64,20.81,2786.57,2786.33,0.0000143
3/12/2018,15.78,16.06,2783.02,2783.24,0.0000284
3/13/2018,16.35,15.43,2765.31,2765.16,0.0000491
3/14/2018,17.23,14.75,2749.48,2749.78,0.000066
3/15/2018,16.59,14.72,2747.33,2747.35,0.0000295
3/16/2018,15.8,13.98,2752.01,2750.86,0.0000187
3/19/2018,19.02,14.24,2712.92,2712.96,0.0000633
3/20/2018,18.2,14.26,2716.94,2717.09,0.0000336
3/21/2018,17.86,14.13,2711.93,2712.07,0.000062
3/22/2018,23.34,16.61,2643.69,2643.72,0.000114731
3/23/2018,24.87,18.22,2588.26,2588.16,0.000154417
3/26/2018,21.03,19.75,2658.55,2658.74,0.000130044
3/27/2018,22.5,20.16,2612.62,2612.56,0.000176556
3/28/2018,22.87,19.67,2605,2604.99,0.000268869
3/29/2018,19.97,19.75,2640.87,2641.6,0.0000962
4/2/2018,23.62,20.82,2581.88,2581.49,0.000174863
4/3/2018,21.1,21.21,2614.45,2614.41,0.000178846
4/4/2018,20.06,21.22,2644.69,2644.76,0.000130839
4/5/2018,18.94,21.31,2662.84,2662.73,0.0000862
4/6/2018,21.49,22.62,2604.47,2604.12,0.000134196
4/9/2018,21.77,22.62,2613.16,2613.43,0.000076
4/10/2018,20.47,22.54,2656.87,2656.77,0.00011068
4/11/2018,20.24,22.63,2642.19,2642.3,0.0000754
4/12/2018,18.49,22.68,2663.99,2664.06,0.00005
4/13/2018,17.41,22.64,2656.3,2656.45,0.0000623
4/16/2018,16.56,22.82,2677.84,2677.97,0.0000318
4/17/2018,15.25,23.08,2706.39,2706.27,0.0000165
4/18/2018,15.6,22.54,2708.64,2708.63,0.0000226
4/19/2018,15.96,22.61,2693.13,2693.19,0.0000361
4/20/2018,16.88,22.78,2670.14,2670.29,0.0000522
4/23/2018,16.34,20.96,2670.29,2670.18,0.0000365
4/24/2018,18.02,20.18,2634.56,2634.47,0.000140753
4/25/2018,17.84,17.88,2639.4,2639.2,0.000100563
4/26/2018,16.24,17.33,2666.94,2667.33,0.0000378
4/27/2018,15.41,17.31,2669.91,2669.96,0.0000335
4/30/2018,15.93,17,2648.05,2648.21,0.0000465
5/1/2018,15.49,15.03,2654.8,2654.46,0.0000475
5/2/2018,15.97,14.64,2635.67,2635.62,0.0000479
5/3/2018,15.9,14.03,2629.73,2629.69,0.000101003
5/4/2018,14.77,14.49,2663.42,2663.48,0.0000446
5/7/2018,14.75,12.41,2672.63,2672.95,0.0000275
5/8/2018,14.71,12.34,2671.92,2672.03,0.0000452
5/9/2018,13.42,11.42,2697.79,2697.77,0.0000297
5/10/2018,13.23,11.63,2723.07,2722.86,0.0000201
5/11/2018,12.65,11.29,2727.72,2727.72,0.0000206
5/14/2018,12.93,11.25,2730.13,2730.54,0.0000192
5/15/2018,14.63,11.21,2711.45,2711.44,0.0000394
5/16/2018,13.42,10.8,2722.46,2722.57,0.0000162
5/17/2018,13.43,10.8,2720.13,2720.05,0.0000198
5/18/2018,13.42,10.65,2712.97,2713.01,0.0000213
5/21/2018,13.08,10.57,2733.01,2732.98,0.0000266
5/22/2018,13.22,10.62,2724.44,2724.76,0.0000142
5/23/2018,12.58,9.48,2733.29,2733.12,0.0000285
5/24/2018,12.53,9.46,2727.76,2727.67,0.0000328
5/25/2018,13.22,8.77,2721.33,2721.16,0.0000162
5/29/2018,17.02,9.6,2689.86,2689.88,0.0000577
5/30/2018,14.94,10.2,2724.01,2724.08,0.0000212
5/31/2018,15.43,10.47,2705.27,2705.29,0.00004
6/1/2018,13.46,10.8,2734.62,2734.33,0.0000201
6/4/2018,12.74,10.91,2746.87,2746.83,0.00000966
6/5/2018,12.4,10.09,2748.8,2749.05,0.0000161
6/6/2018,11.64,10.41,2772.35,2772.19,0.0000151
6/7/2018,12.13,10.41,2770.37,2770.05,0.0000295
6/8/2018,12.18,9.89,2779.03,2778.75,0.0000131
6/11/2018,12.35,9.44,2782,2782.26,0.00000752
6/12/2018,12.34,9.43,2786.85,2786.79,0.00000847
6/13/2018,12.94,9.48,2775.63,2775.78,0.0000169
6/14/2018,12.12,9.1,2782.49,2782.79,0.0000112
6/15/2018,11.98,8.93,2779.66,2779.41,0.0000255
6/18/2018,12.31,8.96,2773.75,2773.87,0.0000208
6/19/2018,13.35,9.02,2762.59,2762.63,0.0000216
6/20/2018,12.79,8.69,2767.32,2767.51,0.00000801
6/21/2018,14.64,9.06,2749.76,2749.71,0.0000304
6/22/2018,13.77,9.04,2754.88,2754.69,0.0000153
6/25/2018,17.33,10.14,2717.07,2717.06,0.0000824
6/26/2018,15.92,10.12,2723.06,2722.97,0.000029
6/27/2018,17.91,9.7,2699.63,2699.82,0.0000742
6/28/2018,16.85,8.8,2716.31,,
6/29/2018,16.09,8.45,2718.37,,
7/2/2018,15.6,7.67,2726.71,,
7/3/2018,16.14,7.57,2713.22,,
7/5/2018,14.97,8.07,2736.61,,
7/6/2018,13.37,8.03,2759.82,,
7/9/2018,12.69,8.6,2784.17,,
7/10/2018,12.64,8.63,2793.84,,
7/11/2018,13.63,8.92,2774.02,,
7/12/2018,12.58,9.31,2798.29,,
7/13/2018,12.18,9.26,2801.31,,
7/16/2018,12.83,9.25,2798.43,,
7/17/2018,12.06,9.34,2809.55,,
7/18/2018,12.1,9.34,2815.62,,
7/19/2018,12.87,9.35,2804.49,,
7/20/2018,12.86,9.33,2801.83,,
7/23/2018,12.62,8.96,2806.98,,
7/24/2018,12.41,9.05,2820.4,,
7/25/2018,12.29,8.42,2846.07,,
7/26/2018,12.14,8.48,2837.44,,
7/27/2018,13.03,8.33,2818.82,,
7/30/2018,14.26,8.36,2802.6,,
7/31/2018,12.83,8.47,2816.29,,
8/1/2018,13.15,8.45,2813.36,,
8/2/2018,12.19,8.53,2827.22,,
8/3/2018,11.64,8.19,2840.35,,
8/6/2018,11.27,7.82,2850.4,,
8/7/2018,10.93,7.26,2858.45,,
8/8/2018,10.85,7.16,2857.7,,
8/9/2018,11.27,6.8,2853.58,,
8/10/2018,13.16,6.77,2833.28,,
8/13/2018,14.78,6.87,2821.93,,
8/14/2018,13.31,7.2,2839.96,,
8/15/2018,14.64,7.53,2818.37,,
8/16/2018,13.45,7.98,2840.69,,
8/17/2018,12.64,7.92,2850.13,,
8/20/2018,12.49,7.95,2857.05,,
8/21/2018,12.86,7.95,2862.96,,
8/22/2018,12.25,7.8,2861.82,,
8/23/2018,12.41,7.13,2856.98,,
8/24/2018,11.99,7.39,2874.69,,
8/27/2018,12.16,7.57,2896.74,,
8/28/2018,12.5,7.31,2897.52,,
8/29/2018,12.25,7.46,2914.04,,
8/30/2018,13.53,7.63,2901.13,,
8/31/2018,12.86,7.45,2901.52,,
9/4/2018,13.16,7.31,2896.72,,
9/5/2018,13.91,7.24,2888.6,,
9/6/2018,14.65,7.26,2878.05,,
9/7/2018,14.88,7.31,2871.68,,
9/10/2018,14.16,7.31,2877.13,,
9/11/2018,13.22,6.94,2887.89,,
9/12/2018,13.14,6.82,2888.92,,
9/13/2018,12.37,6.72,2904.18,,
9/14/2018,12.07,6.2,2904.98,,
9/17/2018,13.68,5.85,2888.8,,
9/18/2018,12.79,6.06,2904.31,,
9/19/2018,11.75,6.01,2907.95,,
9/20/2018,11.8,6.57,2930.75,,
9/21/2018,11.68,6.58,2929.67,,
9/24/2018,12.2,6.62,2919.37,,
9/25/2018,12.42,6.23,2915.56,,
9/26/2018,12.89,5.72,2905.97,,
9/27/2018,12.41,5.78,2914,,
9/28/2018,12.12,5.4,2913.98,,
10/1/2018,12,5.31,2924.59,,
10/2/2018,12.05,5.31,2923.43,,
10/3/2018,11.61,5.3,2925.51,,
10/4/2018,14.22,6.05,2901.61,,
10/5/2018,14.82,6.2,2885.57,,
10/8/2018,15.69,6.14,2884.43,,
10/9/2018,15.95,6.12,2880.34,,
10/10/2018,22.96,12.84,2785.68,,
10/11/2018,24.98,14.86,2728.37,,
10/12/2018,21.31,15.48,2767.13,,
10/15/2018,21.3,15.59,2750.79,,
10/16/2018,17.62,17.14,2809.92,,
10/17/2018,17.4,17.03,2809.21,,
10/18/2018,20.06,17.76,2768.78,,
10/19/2018,19.89,17.54,2767.78,,
10/22/2018,19.64,17.6,2755.88,,
10/23/2018,20.71,17.67,2740.69,,
10/24/2018,25.23,20.68,2656.1,,
10/25/2018,24.22,21.6,2705.57,,
10/26/2018,24.16,22.44,2658.69,,
10/29/2018,24.7,22.52,2641.25,,
10/30/2018,23.35,23.09,2682.63,,
10/31/2018,21.23,23.37,2711.74,,
11/1/2018,19.34,23.64,2740.37,,
11/2/2018,19.51,23.55,2723.06,,
11/5/2018,19.96,23.59,2738.31,,
11/6/2018,19.91,23.67,2755.45,,
11/7/2018,16.36,24.77,2813.89,,
11/8/2018,16.72,22.03,2806.83,,
11/9/2018,17.36,20.99,2781.01,,
11/12/2018,20.45,21.47,2726.22,,
11/13/2018,20.02,21.4,2722.18,,
11/14/2018,21.25,20.25,2701.58,,
11/15/2018,19.98,20.52,2730.2,,
11/16/2018,18.14,19.91,2736.27,,
11/19/2018,20.1,20.76,2690.73,,
11/20/2018,22.48,21.56,2641.89,,
11/21/2018,20.8,21.49,2649.93,,
11/23/2018,21.52,18.75,2632.56,,
11/26/2018,18.9,18.46,2673.45,,
11/27/2018,19.02,17.44,2682.17,,
11/28/2018,18.49,19.06,2743.79,,
11/29/2018,18.79,18.33,2737.76,,
11/30/2018,18.07,18.13,2760.17,,
12/3/2018,16.44,18.26,2790.37,,
12/4/2018,20.74,21.37,2700.06,,
12/6/2018,21.19,21.27,2695.95,,
12/7/2018,23.23,22.6,2633.08,,
12/10/2018,22.64,21.39,2637.72,,
12/11/2018,21.76,21.38,2636.78,,
12/12/2018,21.46,21.2,2651.07,,
12/13/2018,20.65,20.17,2650.54,,
12/14/2018,21.63,21.2,2599.95,,
12/17/2018,24.52,22.27,2545.94,,
12/18/2018,25.58,22.02,2546.16,,
12/19/2018,25.58,22.68,2506.96,,
12/20/2018,28.38,22.61,2467.42,,
12/21/2018,30.11,23.01,2416.62,,
12/24/2018,36.07,24.65,2351.1,,
12/26/2018,30.41,29.61,2467.7,,
12/27/2018,29.96,29.26,2488.83,,
12/28/2018,28.34,29.24,2485.74,,
12/31/2018,25.42,28.3,2506.85,,
1/2/2019,23.22,28.29,2510.03,,
1/3/2019,25.45,29.55,2447.89,,
1/4/2019,21.38,31.5,2531.94,,
1/7/2019,21.4,29.5,2549.69,,
1/8/2019,20.47,29.64,2574.41,,
1/9/2019,19.98,28.63,2584.96,,
1/10/2019,19.5,28.66,2596.64,,
1/11/2019,18.19,28.66,2596.26,,
1/14/2019,19.07,28.66,2582.61,,
1/15/2019,18.6,28.93,2610.3,,
1/16/2019,19.04,28.18,2616.1,,
1/17/2019,18.06,27.35,2635.96,,
1/18/2019,17.8,27.71,2670.71,,
1/22/2019,20.8,27.6,2632.9,,
1/23/2019,19.52,27.04,2638.7,,
1/24/2019,18.89,26.02,2642.33,,
1/25/2019,17.42,24.61,2664.76,,
1/28/2019,18.87,18.4,2643.85,,
1/29/2019,19.13,18.18,2640,,
1/30/2019,17.66,18.94,2681.05,,
1/31/2019,16.57,18.92,2704.1,,
2/1/2019,16.14,18.91,2706.53,,
2/4/2019,15.73,16.91,2724.87,,
2/5/2019,15.57,12.31,2737.7,,
2/6/2019,15.38,12.05,2731.61,,
2/7/2019,16.37,12.16,2706.05,,
2/8/2019,15.72,12.03,2707.88,,
2/11/2019,15.97,11.95,2709.8,,
2/12/2019,15.43,12.71,2744.73,,
2/13/2019,15.65,12.61,2753.03,,
2/14/2019,16.22,12.03,2745.73,,
2/15/2019,14.91,12.55,2775.6,,
2/19/2019,14.88,12.33,2779.76,,
2/20/2019,14.02,11.51,2784.7,,
2/21/2019,14.46,10.53,2774.88,,
2/22/2019,13.51,10.75,2792.67,,
2/25/2019,14.85,10.75,2796.11,,
2/26/2019,15.17,10.38,2793.9,,
2/27/2019,14.7,10.05,2792.38,,
2/28/2019,14.78,10.09,2784.49,,
3/1/2019,13.57,8.85,2803.69,,
3/4/2019,14.63,8.5,2792.81,,
3/5/2019,14.74,8.51,2789.65,,
3/6/2019,15.74,8.42,2771.45,,
3/7/2019,16.59,8.78,2748.93,,
3/8/2019,16.05,8.8,2743.07,,
3/11/2019,14.33,9.57,2783.3,,
3/12/2019,13.77,9.64,2791.52,,
3/13/2019,13.41,9.91,2810.92,,
3/14/2019,13.5,8.92,2808.48,,
3/15/2019,12.88,8.96,2822.48,,
3/18/2019,13.1,9.01,2832.94,,
3/19/2019,13.56,8.22,2832.57,,
3/20/2019,13.91,8.28,2824.23,,
3/21/2019,13.63,9.06,2854.88,,
3/22/2019,16.48,11.12,2800.71,,
3/25/2019,16.33,10.87,2798.36,,
3/26/2019,14.68,11.14,2818.46,,
3/27/2019,15.15,11.24,2805.37,,
3/28/2019,14.43,11.31,2815.44,,
3/29/2019,13.71,11.49,2834.4,,
4/1/2019,13.4,11.95,2867.19,,
4/2/2019,13.36,11.88,2867.24,,
4/3/2019,13.74,11.89,2873.4,,
4/4/2019,13.58,11.7,2879.39,,
4/5/2019,12.82,11.45,2892.74,,
4/8/2019,13.18,11.43,2895.77,,
4/9/2019,14.28,10.42,2878.2,,
4/10/2019,13.3,10.42,2888.21,,
4/11/2019,13.02,10.15,2888.32,,
4/12/2019,12.01,10.4,2907.41,,
4/15/2019,12.32,10.3,2905.58,,
4/16/2019,12.18,10.22,2907.06,,
4/17/2019,12.6,10.26,2900.45,,
4/18/2019,12.09,10.21,2905.03,,
4/22/2019,12.42,9.51,2907.97,,
4/23/2019,12.28,7.43,2933.68,,
4/24/2019,13.14,7.46,2927.25,,
4/25/2019,13.25,7.05,2926.17,,
4/26/2019,12.73,7.05,2939.88,,
4/29/2019,13.11,6.96,2943.03,,
4/30/2019,13.12,6.6,2945.83,,
5/1/2019,14.8,5.79,2923.73,,
5/2/2019,14.42,5.84,2917.52,,
5/3/2019,12.87,6.6,2945.64,,
5/6/2019,15.44,6.71,2932.47,,
5/7/2019,19.32,8.73,2884.05,,
5/8/2019,19.4,8.73,2879.42,,
5/9/2019,19.1,8.61,2870.72,,
5/10/2019,16.04,8.63,2881.4,,
5/13/2019,20.55,12.13,2811.87,,
5/14/2019,18.06,12.26,2834.41,,
5/15/2019,16.44,12.42,2850.96,,
5/16/2019,15.29,12.78,2876.32,,
5/17/2019,15.96,12.93,2859.53,,
5/20/2019,16.31,13.12,2840.23,,
5/21/2019,14.95,13.44,2864.36,,
5/22/2019,14.75,13.14,2856.27,,
5/23/2019,16.92,13.77,2822.24,,
5/24/2019,15.85,13.78,2826.06,,
5/28/2019,17.5,14.04,2802.39,,
5/29/2019,17.9,14.22,2783.02,,
5/30/2019,17.3,14.24,2788.86,,
5/31/2019,18.71,14.79,2752.06,,
6/3/2019,18.86,14.8,2744.45,,
6/4/2019,16.97,16.27,2803.27,,
6/5/2019,16.09,16.44,2826.15,,
6/6/2019,15.93,15.56,2843.49,,
6/7/2019,16.3,15.91,2873.34,,
6/10/2019,15.94,15.96,2886.73,,
6/11/2019,15.99,15.9,2885.72,,
6/12/2019,15.91,13.44,2879.84,,
6/13/2019,15.82,13.22,2891.64,,
6/14/2019,15.28,13.09,2886.98,,
6/17/2019,15.35,12.74,2889.67,,
6/18/2019,15.15,13,2917.75,,
6/19/2019,14.33,12.83,2926.46,,
6/20/2019,14.75,12.88,2954.18,,
6/21/2019,15.4,12.86,2950.46,,
6/24/2019,15.26,12.16,2945.35,,
6/25/2019,16.28,12.56,2917.38,,
6/26/2019,16.21,12.18,2913.78,,
6/27/2019,15.82,12.02,2924.92,,
6/28/2019,15.08,12.13,2941.76,,
7/1/2019,14.06,11.51,2964.33,,
7/2/2019,12.93,11.53,2973.01,,
7/3/2019,12.57,9.16,2995.82,,
7/5/2019,13.28,8.76,2990.41,,
7/8/2019,13.96,8.64,2975.95,,
7/9/2019,14.09,7.98,2979.63,,
7/10/2019,13.03,7.96,2993.07,,
7/11/2019,12.93,7.99,2999.91,,
7/12/2019,12.39,8.11,3013.77,,
7/15/2019,12.68,7.96,3014.3,,
7/16/2019,12.86,8.04,3004.04,,
7/17/2019,13.97,8.3,2984.42,,
7/18/2019,13.53,7.68,2995.11,,
7/19/2019,14.45,7.86,2976.61,,
7/22/2019,13.53,7.25,2985.03,,
7/23/2019,12.61,7.61,3005.47,,
7/24/2019,12.07,7.76,3019.56,,
7/25/2019,12.74,7.27,3003.67,,
7/26/2019,12.16,7.52,3025.86,,
7/29/2019,12.83,7.44,3020.97,,
7/30/2019,13.94,7.28,3013.18,,
7/31/2019,16.12,7.71,2980.38,,
8/1/2019,17.87,8.13,2953.56,,
8/2/2019,17.61,8.27,2932.05,,
8/5/2019,24.59,13.15,2844.74,,
8/6/2019,20.17,13.78,2881.77,,
8/7/2019,19.49,13.77,2883.98,,
8/8/2019,16.91,15.03,2938.09,,
8/9/2019,17.97,15.16,2918.65,,
8/12/2019,21.09,15.67,2883.75,,
8/13/2019,17.52,16.51,2926.32,,
8/14/2019,22.1,19.5,2840.6,,
8/15/2019,21.18,19.41,2847.6,,
8/16/2019,18.47,19.98,2888.68,,
8/19/2019,16.88,20.32,2923.65,,
8/20/2019,17.5,20.47,2900.51,,
8/21/2019,15.8,20.52,2924.43,,
8/22/2019,16.68,20.46,2922.95,,
8/23/2019,19.87,22.34,2847.11,,
8/26/2019,19.32,22.55,2878.38,,
8/27/2019,20.31,22.57,2869.16,,
8/28/2019,19.35,22.65,2887.94,,
8/29/2019,17.88,22.76,2924.58,,
8/30/2019,18.98,22.59,2926.46,,
9/3/2019,19.66,22.47,2906.27,,
9/4/2019,17.33,20.36,2937.78,,
9/5/2019,16.27,20.34,2976,,
9/6/2019,15,20.34,2978.71,,
9/9/2019,15.27,19.36,2978.43,,
9/10/2019,15.2,19.25,2979.39,,
9/11/2019,14.61,18.93,3000.93,,
9/12/2019,14.22,18.24,3009.57,,
9/13/2019,13.74,14.95,3007.39,,
9/16/2019,14.67,14.95,2997.96,,
9/17/2019,14.44,14.15,3005.7,,
9/18/2019,13.95,13.51,3006.73,,
9/19/2019,14.05,13.25,3006.79,,
9/20/2019,15.32,13.08,2992.07,,
9/23/2019,14.91,13.09,2991.78,,
9/24/2019,17.05,9.91,2966.6,,
9/25/2019,15.96,9.49,2984.87,,
9/26/2019,16.07,9.47,2977.62,,
9/27/2019,17.22,9.42,2961.79,,
9/30/2019,16.24,8.55,2976.74,,
10/1/2019,18.56,9.48,2940.25,,
10/2/2019,20.56,11.32,2887.61,,
10/3/2019,19.12,10.96,2910.63,,
10/4/2019,17.04,11.14,2952.01,,
10/7/2019,17.86,11.22,2938.79,,
10/8/2019,20.28,12.46,2893.06,,
10/9/2019,18.64,12.84,2919.4,,
10/10/2019,17.57,12.79,2938.13,,
10/11/2019,15.58,13.26,2970.27,,
10/14/2019,14.57,13.25,2966.15,,
10/15/2019,13.54,13.72,2995.68,,
10/16/2019,13.68,13.71,2989.69,,
10/17/2019,13.79,13.74,2997.95,,
10/18/2019,14.25,13.81,2986.2,,
10/21/2019,14,13.89,3006.72,,
10/22/2019,14.46,13.94,2995.99,,
10/23/2019,14.01,13.6,3004.52,,
10/24/2019,13.71,13.43,3010.29,,
10/25/2019,12.65,13.48,3022.55,,
10/28/2019,13.11,13.49,3039.42,,
10/29/2019,13.2,13.36,3036.89,,
10/30/2019,12.33,12.77,3046.77,,
10/31/2019,13.22,11.06,3037.56,,
11/1/2019,12.3,11.23,3066.91,,
11/4/2019,12.83,10.23,3078.27,,
11/5/2019,13.1,10.14,3074.62,,
11/6/2019,12.62,8.57,3076.78,,
11/7/2019,12.73,8.06,3085.18,,
11/8/2019,12.07,7.77,3093.08,,
11/11/2019,12.69,6.86,3087.01,,
11/12/2019,12.68,6.88,3091.84,,
11/13/2019,13,5.81,3094.04,,
11/14/2019,13.05,5.78,3096.63,,
11/15/2019,12.05,6.27,3120.46,,
11/18/2019,12.46,6.12,3122.03,,
11/19/2019,12.86,5.65,3120.18,,
11/20/2019,12.78,5.7,3108.46,,
11/21/2019,13.13,5.65,3103.54,,
11/22/2019,12.34,5.66,3110.29,,
11/25/2019,11.87,6.08,3133.64,,
11/26/2019,11.54,5.78,3140.52,,
11/27/2019,11.75,6,3153.63,,
11/29/2019,12.62,6,3140.98,,
12/2/2019,14.91,6.66,3113.87,,
12/3/2019,15.96,6.31,3093.2,,
12/4/2019,14.8,6.54,3112.76,,
12/5/2019,14.52,6.56,3117.43,,
12/6/2019,13.62,7.21,3145.91,,
12/9/2019,15.86,7.22,3135.96,,
12/10/2019,15.68,7.2,3132.52,,
12/12/2019,13.94,8.13,3168.57,,
12/13/2019,12.63,8.11,3168.8,,
12/16/2019,12.14,8.46,3191.45,,
12/17/2019,12.29,8.45,3192.52,,
12/18/2019,12.58,8.05,3191.14,,
12/19/2019,12.5,8.18,3205.37,,
12/20/2019,12.51,8.34,3221.22,,
12/23/2019,12.61,8.23,3224.01,,
12/24/2019,12.67,8.22,3223.38,,
12/26/2019,12.65,8.38,3239.91,,
12/27/2019,13.43,7.95,3240.02,,
12/30/2019,14.82,8.16,3221.29,,
12/31/2019,13.78,8.05,3230.78,,
1/2/2020,12.47,8.47,3257.85,,
1/3/2020,14.02,8.24,3234.85,,
1/6/2020,13.85,7.97,3246.28,,
1/7/2020,13.79,7.73,3237.18,,
1/8/2020,13.45,7.92,3253.05,,
1/9/2020,12.54,7.65,3274.7,,
1/10/2020,12.56,7.65,3265.35,,
1/13/2020,12.32,8.01,3288.13,,
1/14/2020,12.39,7.06,3283.15,,
1/15/2020,12.42,7.1,3289.29,,
1/16/2020,12.32,7.24,3316.81,,
1/17/2020,12.1,7.31,3329.62,,
1/21/2020,12.85,7.34,3320.79,,
1/22/2020,12.91,7.2,3321.75,,
1/23/2020,12.98,7.02,3325.54,,
1/24/2020,14.56,7.71,3295.47,,
1/27/2020,18.23,9.47,3243.63,,
1/28/2020,16.28,9.96,3276.24,,
1/29/2020,16.39,9.96,3273.4,,
1/30/2020,15.49,9.83,3283.66,,
1/31/2020,18.84,11.74,3225.52,,
2/3/2020,17.97,11.68,3248.92,,
2/4/2020,16.05,12.58,3297.59,,
2/5/2020,15.15,13.12,3334.69,,
2/6/2020,14.96,13.13,3345.78,,
2/7/2020,15.47,13.14,3327.71,,
2/10/2020,15.04,13.21,3352.09,,
2/11/2020,15.18,13.19,3357.75,,
2/12/2020,13.74,13.15,3379.45,,
2/13/2020,14.15,13.15,3373.94,,
2/14/2020,13.68,13.12,3380.16,,
2/18/2020,14.83,12.86,3370.29,,
2/19/2020,14.38,12.92,3386.15,,
2/20/2020,15.56,12.98,3373.23,,
2/21/2020,17.08,13.47,3337.75,,
2/24/2020,25.03,17.85,3225.89,,
2/25/2020,27.85,20.49,3128.21,,
2/26/2020,27.56,19.79,3116.39,,
2/27/2020,39.16,25.03,2978.76,,
2/28/2020,40.11,25.18,2954.22,,
3/2/2020,33.42,29.53,3090.23,,
3/3/2020,36.82,30.49,3003.37,,
3/4/2020,31.99,33.55,3130.12,,
3/5/2020,39.62,35.12,3023.94,,
3/6/2020,41.94,35.47,2972.37,,
3/9/2020,54.46,44.95,2746.56,,
3/10/2020,47.3,48.07,2882.23,,
3/11/2020,53.9,51.05,2741.38,,
3/12/2020,75.47,61.69,2480.64,,
3/13/2020,57.83,68.73,2711.02,,
3/16/2020,82.69,81.56,2386.13,,
3/17/2020,75.91,84.04,2529.19,,
3/18/2020,76.45,85.81,2398.1,,
3/19/2020,72,85.8,2409.39,,
3/20/2020,66.04,87.23,2304.92,,
3/23/2020,61.59,87.77,2237.4,,
3/24/2020,61.67,92.3,2447.33,,
3/25/2020,63.95,91.81,2475.56,,
3/26/2020,61,94.08,2630.07,,
3/27/2020,65.54,93.46,2541.47,,
3/30/2020,57.08,94.07,2626.65,,
3/31/2020,53.54,92.96,2584.59,,
4/1/2020,57.06,93.76,2470.5,,
4/2/2020,50.91,93,2526.9,,
4/3/2020,46.8,92.41,2488.65,,
4/6/2020,45.24,95,2663.68,,
4/7/2020,46.7,90.89,2659.41,,
4/8/2020,43.35,90.01,2749.98,,
4/9/2020,41.67,88.46,2789.82,,
4/13/2020,41.17,81.46,2761.63,,
4/14/2020,37.76,76.3,2846.06,,
4/15/2020,40.84,62.84,2783.36,,
4/16/2020,40.11,59.51,2799.55,,
4/17/2020,38.15,57.64,2874.56,,
4/20/2020,43.83,57.96,2823.16,,
4/21/2020,45.41,56.8,2736.56,,
4/22/2020,41.98,56.37,2799.31,,
4/23/2020,41.38,47.18,2797.8,,
4/24/2020,35.93,47.19,2836.74,,
4/27/2020,33.29,42.75,2878.48,,
4/28/2020,33.57,41.22,2863.39,,
4/29/2020,31.23,40.7,2939.51,,
4/30/2020,34.15,40.46,2912.43,,
5/1/2020,37.19,38.38,2830.71,,
5/4/2020,35.97,37.61,2842.74,,
5/5/2020,33.61,37.36,2868.44,,
5/6/2020,34.12,29.61,2848.42,,
5/7/2020,31.44,29.89,2881.19,,
5/8/2020,27.98,28.11,2929.8,,
5/11/2020,27.57,27.65,2930.32,,
5/12/2020,33.04,28.35,2870.12,,
5/13/2020,35.28,27.08,2820,,
5/14/2020,32.61,26.34,2852.5,,
5/15/2020,31.89,26.3,2863.7,,
5/18/2020,29.3,26.78,2953.91,,
5/19/2020,30.53,26.3,2922.94,,
5/20/2020,27.99,24.7,2971.61,,
5/21/2020,29.53,23.62,2948.51,,
5/22/2020,28.16,23.63,2955.45,,
5/26/2020,28.01,23.52,2991.77,,
5/27/2020,27.62,23.52,3036.13,,
5/28/2020,28.59,23.46,3029.73,,
5/29/2020,27.51,21.77,3044.31,,
6/1/2020,28.23,21.54,3055.73,,
6/2/2020,26.84,19.65,3080.82,,
6/3/2020,25.66,20.13,3122.87,,
6/4/2020,25.81,19.96,3112.35,,
6/5/2020,24.52,21.79,3193.93,,
6/8/2020,25.81,21.82,3232.39,,
6/9/2020,27.57,21.28,3207.18,,
6/10/2020,27.57,21.36,3190.14,,
6/11/2020,40.79,28.97,3002.1,,
6/12/2020,36.09,28.62,3041.31,,
6/15/2020,34.4,28.52,3066.59,,
6/16/2020,33.67,29.19,3124.74,,
6/17/2020,33.47,27.31,3113.49,,
6/18/2020,32.94,27.08,3115.34,,
6/19/2020,35.12,26.5,3097.74,,
6/22/2020,31.77,26.47,3117.86,,
6/23/2020,31.37,26.51,3131.29,,
6/24/2020,33.84,27.66,3050.33,,
6/25/2020,32.22,27.48,3083.76,,
6/26/2020,34.73,28.76,3009.05,,
6/29/2020,31.78,29.09,3053.24,,
6/30/2020,30.43,29.58,3100.29,,
7/1/2020,28.62,29.5,3115.86,,
7/2/2020,27.68,29.2,3130.01,,
7/6/2020,27.94,29.64,3179.72,,
7/7/2020,29.43,28.5,3145.32,,
7/8/2020,28.08,28.33,3169.94,,
7/9/2020,29.26,28.26,3152.05,,
7/10/2020,27.29,28.44,3185.04,,
7/13/2020,32.19,19.66,3155.22,,
7/14/2020,29.52,19.78,3197.52,,
7/15/2020,27.76,19.78,3226.56,,
7/16/2020,28,18.79,3215.57,,
7/17/2020,25.68,18.79,3224.73,,
7/20/2020,24.46,19,3251.84,,
7/21/2020,24.84,18.91,3257.3,,
7/22/2020,24.32,18.86,3276.02,,
7/23/2020,26.08,19.27,3235.66,,
7/24/2020,25.84,17.16,3215.63,,
7/27/2020,24.74,16.92,3239.41,,
7/28/2020,25.44,14.81,3218.44,,
7/29/2020,24.1,14.68,3258.44,,
7/30/2020,24.76,13.68,3246.22,,
7/31/2020,24.46,13.81,3271.12,,
8/3/2020,24.28,13.87,3294.61,,
8/4/2020,23.76,12.92,3306.51,,
8/5/2020,22.99,12.51,3327.77,,
8/6/2020,22.65,12.39,3349.16,,
8/7/2020,22.21,12.23,3351.28,,
8/10/2020,22.13,11.7,3360.47,,
8/11/2020,24.03,11.54,3333.69,,
8/12/2020,22.28,11.58,3380.35,,
8/13/2020,22.13,11.14,3373.43,,
8/14/2020,22.05,11.02,3372.85,,
8/17/2020,21.35,11.02,3381.99,,
8/18/2020,21.51,10.67,3389.78,,
8/19/2020,22.54,10.74,3374.85,,
8/20/2020,22.72,10.63,3385.51,,
8/21/2020,22.54,9.82,3397.16,,
8/24/2020,22.37,10.23,3431.28,,
8/25/2020,22.03,10.02,3443.62,,
8/26/2020,23.27,10.37,3478.73,,
8/27/2020,24.47,9.45,3484.55,,
8/28/2020,22.96,9.57,3508.01,,
8/31/2020,26.41,9.32,3500.31,,
9/1/2020,26.12,9.71,3526.65,,
9/2/2020,26.57,10.87,3580.84,,
9/3/2020,33.6,16.15,3455.06,,
9/4/2020,30.75,16.26,3426.96,,
9/8/2020,31.46,18.87,3331.84,,
9/9/2020,28.81,20.01,3398.96,,
9/10/2020,29.71,20.74,3339.19,,
9/11/2020,26.87,20.2,3340.97,,
9/14/2020,25.85,20.63,3383.54,,
9/15/2020,25.59,20.71,3401.2,,
9/16/2020,26.04,20.72,3385.49,,
9/17/2020,26.46,20.93,3357.01,,
9/18/2020,25.83,21.29,3319.47,,
9/21/2020,27.78,21.58,3281.06,,
9/22/2020,26.86,21.82,3315.57,,
9/23/2020,28.58,23.06,3236.92,,
9/24/2020,28.51,23.05,3246.59,,
9/25/2020,26.38,23.45,3298.46,,
9/28/2020,26.19,24.16,3351.6,,
9/29/2020,26.27,24.19,3335.47,,
9/30/2020,26.37,24.31,3363,,
10/1/2020,26.7,24.13,3380.8,,
10/2/2020,27.63,23.8,3348.44,,
10/5/2020,27.96,21.31,3408.63,,
10/6/2020,29.48,21.67,3360.95,,
10/7/2020,28.06,20.34,3419.45,,
10/8/2020,26.36,19.42,3446.83,,
10/9/2020,25,18.68,3477.13,,
10/12/2020,25.07,19.5,3534.22,,
10/13/2020,26.07,19.17,3511.93,,
10/14/2020,26.4,19.2,3488.67,,
10/15/2020,26.97,19.16,3483.34,,
10/16/2020,27.41,18.92,3483.81,,
10/19/2020,29.18,19.26,3426.92,,
10/20/2020,29.35,18.96,3443.12,,
10/21/2020,28.65,18.66,3435.56,,
10/22/2020,28.11,16.87,3453.49,,
10/23/2020,27.55,16.88,3465.39,,
10/26/2020,32.46,17.19,3400.97,,
10/27/2020,33.35,16.2,3390.68,,
10/28/2020,40.28,20.28,3271.03,,
10/29/2020,37.59,20.42,3310.11,,
10/30/2020,38.02,20.61,3269.96,,
11/2/2020,37.13,20.7,3310.24,,
11/3/2020,35.55,20.79,3369.16,,
11/4/2020,29.57,21.59,3443.44,,
11/5/2020,27.58,21.79,3510.45,,
11/6/2020,24.86,21.6,3509.44,,
11/9/2020,25.75,21.8,3550.5,,
11/10/2020,24.8,21.07,3545.53,,
11/11/2020,23.45,21.13,3572.66,,
11/12/2020,25.35,21.31,3537.01,,
11/13/2020,23.1,21.8,3585.15,,
11/16/2020,22.45,22.21,3626.91,,
11/17/2020,22.71,21.59,3609.53,,
11/18/2020,23.84,21.94,3567.79,,
11/19/2020,23.11,21.98,3581.87,,
11/20/2020,23.7,22.01,3557.54,,
11/23/2020,22.66,22.07,3577.59,,
11/24/2020,21.64,21.81,3635.41,,
11/25/2020,21.25,21.78,3629.65,,
11/27/2020,20.84,17.92,3638.35,,
11/30/2020,20.57,17.6,3621.63,,
12/1/2020,20.77,17.65,3662.45,,
12/2/2020,21.17,17.27,3669.01,,
12/3/2020,21.28,16.1,3666.72,,
12/4/2020,20.79,14.52,3699.12,,
12/7/2020,21.3,12.92,3691.96,,
12/8/2020,20.68,12.95,3702.25,,
12/9/2020,22.27,12.54,3672.82,,
12/10/2020,22.52,12.53,3668.1,,
12/11/2020,23.31,12.25,3663.46,,
12/14/2020,24.72,11.85,3647.49,,
12/15/2020,22.89,11.86,3694.62,,
12/16/2020,22.5,11.08,3701.17,,
12/17/2020,21.93,11.09,3722.48,,
12/18/2020,21.57,10.28,3709.41,,
12/21/2020,25.16,10.34,3694.92,,
12/22/2020,24.23,10.12,3687.26,,
12/23/2020,23.31,9.91,3690.01,,
12/24/2020,21.53,8.39,3703.06,,
12/28/2020,21.7,8.92,3735.36,,
12/29/2020,23.08,8.9,3727.04,,
12/30/2020,22.77,8.8,3732.04,,
12/31/2020,22.75,8.3,3756.07,,
1/4/2021,26.97,9.83,3700.65,,
1/5/2021,25.34,10.12,3726.86,,
1/6/2021,25.07,9.87,3748.14,,
1/7/2021,22.37,10.97,3803.79,,
1/8/2021,21.56,11.1,3824.68,,
1/11/2021,24.08,10.99,3799.61,,
1/12/2021,23.33,10.98,3801.19,,
1/13/2021,22.21,11,3809.84,,
1/14/2021,23.25,10.9,3795.54,,
1/15/2021,24.34,10.2,3768.25,,
1/19/2021,23.24,10.43,3798.91,,
1/20/2021,21.58,11.33,3851.85,,
1/21/2021,21.32,11.31,3853.07,,
1/22/2021,21.91,11.22,3841.47,,
1/25/2021,23.19,11.27,3855.36,,
1/26/2021,23.02,11.27,3849.62,,
1/27/2021,37.21,14.16,3750.77,,
1/28/2021,30.21,14.13,3787.38,,
1/29/2021,33.09,15.7,3714.24,,
2/1/2021,30.24,16.67,3773.86,,
2/2/2021,25.56,17.2,3826.31,,
2/3/2021,22.91,16.37,3830.17,,
2/4/2021,21.77,16.63,3871.74,,
2/5/2021,20.87,16.55,3886.83,,
2/8/2021,21.24,16.02,3915.59,,
2/9/2021,21.63,15.91,3911.23,,
2/10/2021,21.99,15.74,3909.88,,
2/11/2021,21.25,15.74,3916.38,,
2/12/2021,19.97,15.81,3934.83,,
2/16/2021,21.46,15.8,3932.59,,
2/17/2021,21.5,15.59,3931.33,,
2/18/2021,22.49,15.49,3913.97,,
2/19/2021,22.05,14.75,3906.71,,
2/22/2021,23.45,15.01,3876.5,,
2/23/2021,23.11,14.98,3881.37,,
2/24/2021,21.34,15.4,3925.43,,
2/25/2021,28.89,17.54,3829.34,,
2/26/2021,27.95,15.35,3811.15,,
3/1/2021,23.35,17.1,3901.82,,
3/2/2021,24.1,15.88,3870.29,,
3/3/2021,26.67,15.52,3819.72,,
3/4/2021,28.57,15.48,3768.47,,
3/5/2021,24.66,16.78,3841.94,,
3/8/2021,25.47,16.44,3821.35,,
3/9/2021,24.03,17.07,3875.44,,
3/10/2021,22.56,17.02,3898.81,,
3/11/2021,21.91,17.42,3939.34,,
3/12/2021,20.69,17.42,3943.34,,
3/15/2021,20.03,17.54,3968.94,,
3/16/2021,19.79,17.47,3962.71,,
3/17/2021,19.23,17.5,3974.12,,
3/18/2021,21.58,18.2,3915.46,,
3/19/2021,20.95,18.16,3913.1,,
3/22/2021,18.88,18.37,3940.59,,
3/23/2021,20.3,18.36,3910.52,,
3/24/2021,21.2,18.43,3889.14,,
3/25/2021,19.81,18.12,3909.52,,
3/26/2021,18.86,16.96,3974.54,,
3/29/2021,20.74,16.87,3971.09,,
3/30/2021,19.61,14.83,3958.55,,
3/31/2021,19.4,14.66,3972.89,,
4/1/2021,17.33,14.4,4019.87,,
4/5/2021,17.91,14.47,4077.91,,
4/6/2021,18.12,12.95,4073.94,,
4/7/2021,17.16,12.83,4079.95,,
4/8/2021,16.95,12.01,4097.17,,
4/9/2021,16.69,12.07,4128.8,,
4/12/2021,16.91,11.49,4127.99,,
4/13/2021,16.65,11.52,4141.59,,
4/14/2021,16.99,11.4,4124.66,,
4/15/2021,16.57,11.97,4170.42,,
4/16/2021,16.25,11.98,4185.47,,
4/19/2021,17.29,11.03,4163.26,,
4/20/2021,18.68,11.26,4134.94,,
4/21/2021,17.5,11.37,4173.42,,
4/22/2021,18.71,11.44,4134.98,,
4/23/2021,17.33,11.85,4180.17,,
4/26/2021,17.64,11.72,4187.62,,
4/27/2021,17.56,10.36,4186.72,,
4/28/2021,17.28,10.36,4183.18,,
4/29/2021,17.61,10.53,4211.47,,
4/30/2021,18.61,10.71,4181.17,,
5/3/2021,18.31,10.13,4192.66,,
5/4/2021,19.48,9.13,4164.66,,
5/5/2021,19.15,9.12,4167.59,,
5/6/2021,18.39,9.49,4201.62,,
5/7/2021,16.69,9.69,4232.6,,
5/10/2021,19.66,9.96,4188.43,,
5/11/2021,21.84,10.48,4152.1,,
5/12/2021,27.59,12.73,4063.04,,
5/13/2021,23.13,13.27,4112.5,,
5/14/2021,18.81,13.74,4173.85,,
5/17/2021,19.72,13.71,4163.29,,
5/18/2021,21.34,13.93,4127.83,,
5/19/2021,22.18,13.74,4115.68,,
5/20/2021,20.67,13.83,4159.12,,
5/21/2021,20.15,13.5,4155.86,,
5/24/2021,18.4,13.46,4197.05,,
5/25/2021,18.84,13.46,4188.13,,
5/26/2021,17.36,13.48,4195.99,,
5/27/2021,16.74,13.48,4200.88,,
5/28/2021,16.76,13.33,4204.11,,
6/1/2021,17.9,13.11,4202.04,,
6/2/2021,17.48,13.09,4208.12,,
6/3/2021,18.04,12.99,4192.85,,
6/4/2021,16.42,13.36,4229.89,,
6/7/2021,16.42,13.1,4226.52,,
6/8/2021,17.07,12.85,4227.26,,
6/9/2021,17.89,12.41,4219.55,,
6/10/2021,16.1,12.07,4239.18,,
6/11/2021,15.65,9.64,4247.44,,
6/14/2021,16.39,8.83,4255.15,,
6/15/2021,17.02,7.22,4246.59,,
6/16/2021,18.15,7.44,4223.7,,
6/17/2021,17.75,6.81,4221.86,,
6/18/2021,20.7,8.24,4166.45,,
6/21/2021,17.89,8.7,4224.79,,
6/22/2021,16.66,8.95,4246.44,,
6/23/2021,16.32,8.3,4241.84,,
6/24/2021,15.97,8.5,4266.49,,
6/25/2021,15.62,8.58,4280.7,,
6/28/2021,15.76,8.6,4290.61,,
6/29/2021,16.02,8.58,4291.8,,
6/30/2021,15.83,8.59,4297.5,,
7/1/2021,15.48,8.75,4319.94,,
7/2/2021,15.07,9,4352.34,,
7/6/2021,16.44,8.48,4343.54,,
7/7/2021,16.2,8.58,4358.13,,
7/8/2021,19,9.06,4320.82,,
7/9/2021,16.18,9.71,4369.55,,
7/12/2021,16.17,9.7,4384.63,,
7/13/2021,17.12,9.74,4369.21,,
7/14/2021,16.33,9.72,4374.3,,
7/15/2021,17.01,9.77,4360.03,,
7/16/2021,18.45,9.94,4327.16,,
7/19/2021,22.5,11.27,4258.49,,
7/20/2021,19.73,11.4,4323.06,,
7/21/2021,17.91,10.83,4358.69,,
7/22/2021,17.69,10.65,4367.48,,
7/23/2021,17.2,11.16,4411.79,,
7/26/2021,17.58,11.03,4422.3,,
7/27/2021,19.36,11.04,4401.46,,
7/28/2021,18.31,11.03,4400.64,,
7/29/2021,17.7,11.13,4419.15,,
7/30/2021,18.24,11.26,4395.26,,
8/2/2021,19.46,11.15,4387.16,,
8/3/2021,18.04,11.22,4423.15,,
8/4/2021,17.97,11.32,4402.66,,
8/5/2021,17.28,11.42,4429.1,,
8/6/2021,16.15,11.06,4436.52,,
8/9/2021,16.72,10.49,4432.35,,
8/10/2021,16.79,10.4,4436.75,,
8/11/2021,16.06,10.37,4447.7,,
8/12/2021,15.59,10.41,4460.83,,
8/13/2021,15.45,10.35,4468,,
8/16/2021,16.12,10.03,4479.71,,
8/17/2021,17.91,8.83,4448.08,,
8/18/2021,21.57,8.2,4400.27,,
8/19/2021,21.67,7.72,4405.8,,
8/20/2021,18.56,8.13,4441.67,,
8/23/2021,17.15,7.99,4479.53,,
8/24/2021,17.22,7.96,4486.23,,
8/25/2021,16.79,7.85,4496.19,,
8/26/2021,18.84,8.11,4470,,
8/27/2021,16.39,8.52,4509.37,,
8/30/2021,16.19,8.46,4528.79,,
8/31/2021,16.48,8.44,4522.68,,
9/1/2021,16.11,7.96,4524.09,,
9/2/2021,16.41,7.85,4536.95,,
9/3/2021,16.41,7.56,4535.43,,
9/7/2021,18.14,7.63,4520.03,,
9/8/2021,17.96,7.64,4514.07,,
9/9/2021,18.8,7.8,4493.28,,
9/10/2021,20.95,8.16,4458.58,,
9/13/2021,19.37,8.13,4468.73,,
9/14/2021,19.46,8.33,4443.05,,
9/15/2021,18.18,8.76,4480.7,,
9/16/2021,18.69,8.46,4473.75,,
9/17/2021,20.81,8.25,4432.99,,
9/20/2021,25.71,10.1,4357.73,,
9/21/2021,24.36,9.75,4354.19,,
9/22/2021,20.87,9.8,4395.64,,
9/23/2021,18.63,10.63,4448.98,,
9/24/2021,17.75,10.62,4455.48,,
9/27/2021,18.76,10.46,4443.11,,
9/28/2021,23.25,12.19,4352.63,,
9/29/2021,22.56,12.1,4359.46,,
9/30/2021,23.14,12.77,4307.54,,
10/1/2021,21.15,13.29,4357.04,,
10/4/2021,22.96,13.92,4300.46,,
10/5/2021,21.3,14.31,4345.72,,
10/6/2021,21,14.35,4363.55,,
10/7/2021,19.54,14.63,4399.76,,
10/8/2021,18.77,14.55,4391.34,,
10/11/2021,20,14.54,4361.19,,
10/12/2021,19.85,14.55,4350.65,,
10/13/2021,18.64,14.47,4363.8,,
10/14/2021,16.86,15.3,4438.26,,
10/15/2021,16.3,15.5,4471.37,,
10/18/2021,16.31,15.19,4486.46,,
10/19/2021,15.7,14.27,4519.63,,
10/20/2021,15.49,14.32,4536.19,,
10/21/2021,15.01,14,4549.78,,
10/22/2021,15.43,13.37,4544.9,,
10/25/2021,15.24,13.48,4566.48,,
10/26/2021,15.98,13.45,4574.79,,
10/27/2021,16.98,11.62,4551.68,,
10/28/2021,16.53,12.05,4596.42,,
10/29/2021,16.26,11.35,4605.38,,
11/1/2021,16.41,10.75,4613.67,,
11/2/2021,16.03,9.98,4630.65,,
11/3/2021,15.1,9.65,4660.57,,
11/4/2021,15.44,9.65,4680.06,,
11/5/2021,16.48,9.28,4697.53,,
11/8/2021,17.22,9.26,4701.7,,
11/9/2021,17.78,9,4685.25,,
11/10/2021,18.73,9.41,4646.71,,
11/11/2021,17.66,9.34,4649.27,,
11/12/2021,16.29,7.8,4682.85,,
11/15/2021,16.49,7.37,4682.8,,
11/16/2021,16.37,7.37,4700.9,,
11/17/2021,17.11,6.92,4688.67,,
11/18/2021,17.59,6.9,4704.54,,
11/19/2021,17.91,6.88,4697.96,,
11/22/2021,19.17,6.73,4682.94,,
11/23/2021,19.38,6.76,4690.7,,
11/24/2021,18.58,6.63,4701.46,,
11/26/2021,28.62,9.75,4594.62,,
11/29/2021,22.96,13.11,4655.27,,
11/30/2021,27.19,14.37,4567,,
12/1/2021,31.12,14.98,4513.04,,
12/2/2021,27.95,15.74,4577.1,,
12/3/2021,30.67,15.96,4538.43,,
12/6/2021,27.18,16.48,4591.67,,
12/7/2021,21.89,17.88,4686.75,,
12/8/2021,19.9,17.68,4701.21,,
12/9/2021,21.58,17.84,4667.45,,
12/10/2021,18.69,17.95,4712.02,,
12/13/2021,20.31,18.2,4668.97,,
12/14/2021,21.89,18.32,4634.09,,
12/15/2021,19.29,19.04,4709.85,,
12/16/2021,20.57,19.24,4668.67,,
12/17/2021,21.57,19.56,4620.64,,
12/20/2021,22.87,19.92,4568.02,,
12/21/2021,21.01,20.78,4649.23,,
12/22/2021,18.63,21.04,4696.56,,
12/23/2021,17.96,21.14,4725.79,,
12/27/2021,17.68,20.24,4791.19,,
12/28/2021,17.54,18.67,4786.35,,
12/29/2021,16.95,18.23,4793.06,,
12/30/2021,17.33,17.23,4778.73,,
12/31/2021,17.22,16.59,4766.18,,
1/3/2022,16.6,15.94,4796.56,,
1/4/2022,16.91,15.67,4793.54,,
1/5/2022,19.73,16.5,4700.58,,
1/6/2022,19.61,14.93,4696.05,,
1/7/2022,18.76,14.97,4677.03,,
1/10/2022,19.4,14.78,4670.29,,
1/11/2022,18.41,14.78,4713.07,,
1/12/2022,17.62,14.49,4726.35,,
1/13/2022,20.31,15.05,4659.03,,
1/14/2022,19.19,14.1,4662.85,,
1/18/2022,22.79,15.07,4577.11,,
1/19/2022,23.85,15.07,4532.76,,
1/20/2022,25.59,15.13,4482.73,,
1/21/2022,28.85,15.41,4397.94,,
1/24/2022,29.9,15.11,4410.13,,
1/25/2022,31.16,15.56,4356.45,,
1/26/2022,31.96,14.81,4349.93,,
1/27/2022,30.49,14.88,4326.51,,
1/28/2022,27.66,17.08,4431.85,,
1/31/2022,24.83,18.12,4515.55,,
2/1/2022,21.96,18.23,4546.54,,
2/2/2022,22.09,18.43,4589.38,,
2/3/2022,24.35,20.1,4477.44,,
2/4/2022,23.22,19.03,4500.53,,
2/7/2022,22.86,19.06,4483.87,,
2/8/2022,21.44,19.22,4521.54,,
2/9/2022,19.96,19.85,4587.18,,
2/10/2022,23.91,20.59,4504.08,,
2/11/2022,27.36,21.69,4418.64,,
2/14/2022,28.33,21.21,4401.67,,
2/15/2022,25.7,21.88,4471.07,,
2/16/2022,24.29,21.02,4475.01,,
2/17/2022,28.11,22.01,4380.26,,
2/18/2022,27.75,21.78,4348.87,,
2/22/2022,28.81,21.03,4304.76,,
2/23/2022,31.02,21.88,4225.5,,
2/24/2022,30.32,21.97,4288.7,,
2/25/2022,27.59,23.29,4384.65,,
2/28/2022,30.15,23.25,4373.94,,
3/1/2022,33.32,22.31,4306.26,,
3/2/2022,30.74,22.32,4386.54,,
3/3/2022,30.48,22.26,4363.49,,
3/4/2022,31.98,22.18,4328.87,,
3/7/2022,36.45,23.08,4201.09,,
3/8/2022,35.13,23.19,4170.7,,
3/9/2022,32.45,26.39,4277.88,,
3/10/2022,30.23,24.71,4259.52,,
3/11/2022,30.75,24.67,4204.31,,
3/14/2022,31.77,23.96,4173.11,,
3/15/2022,29.83,24.12,4262.45,,
3/16/2022,26.67,25.32,4357.86,,
3/17/2022,25.67,25.19,4411.67,,
3/18/2022,23.87,25.36,4463.12,,
3/21/2022,23.53,24.24,4461.18,,
3/22/2022,22.94,24.46,4511.61,,
3/23/2022,23.57,24.63,4456.24,,
3/24/2022,21.67,24.37,4520.16,,
3/25/2022,20.81,23.97,4543.06,,
3/28/2022,19.63,22.8,4575.52,,
3/29/2022,18.9,23.19,4631.6,,
3/30/2022,19.33,22.82,4602.45,,
3/31/2022,20.56,22.5,4530.41,,
4/1/2022,19.63,22.34,4545.86,,
4/4/2022,18.57,20.07,4582.64,,
4/5/2022,21.03,20.37,4525.12,,
4/6/2022,22.1,18.63,4481.15,,
4/7/2022,21.55,18.64,4500.21,,
4/8/2022,21.16,18.04,4488.28,,
4/11/2022,24.37,18.87,4412.53,,
4/12/2022,24.26,17.39,4397.45,,
4/13/2022,21.82,16.05,4446.59,,
4/14/2022,22.7,16.49,4392.59,,
4/18/2022,22.17,16.22,4391.69,,
4/19/2022,21.37,16.62,4462.21,,
4/20/2022,20.32,15.97,4459.45,,
4/21/2022,22.68,15.91,4393.66,,
4/22/2022,28.21,18.49,4271.78,,
4/25/2022,27.02,18.42,4296.12,,
4/26/2022,33.52,20.57,4175.2,,
4/27/2022,31.6,20.46,4183.96,,
4/28/2022,29.99,22.14,4287.5,,
4/29/2022,33.4,25.12,4131.93,,
5/2/2022,32.34,25.19,4155.38,,
5/3/2022,29.25,25.06,4175.48,,
5/4/2022,25.42,26.77,4300.17,,
5/5/2022,31.2,29.28,4146.87,,
5/6/2022,30.19,29.31,4123.34,,
5/9/2022,34.75,31.35,3991.24,,
5/10/2022,32.99,30.78,4001.05,,
5/11/2022,32.56,31.25,3935.18,,
5/12/2022,31.77,31,3930.08,,
5/13/2022,28.87,31.68,4023.89,,
5/16/2022,27.47,31.41,4008.01,,
5/17/2022,26.1,32.15,4088.85,,
5/18/2022,30.96,34.62,3923.68,,
5/19/2022,29.35,34.71,3900.79,,
5/20/2022,29.43,34.36,3901.36,,
5/23/2022,28.48,33.6,3973.75,,
5/24/2022,29.45,33.65,3941.48,,
5/25/2022,28.37,32.25,3978.73,,
5/26/2022,27.5,32.89,4057.84,,
5/27/2022,25.72,32.81,4158.24,,
5/31/2022,26.19,30.23,4132.15,,
6/1/2022,25.69,30.29,4101.23,,
6/2/2022,24.72,30.94,4176.82,,
6/3/2022,24.79,29.7,4108.54,,
6/6/2022,25.07,27.03,4121.43,,
6/7/2022,24.02,27.14,4160.68,,
6/8/2022,23.96,25.01,4115.77,,
6/9/2022,26.09,26.39,4017.82,,
6/10/2022,27.75,27.77,3900.86,,
6/13/2022,34.02,30.89,3749.63,,
6/14/2022,32.69,29.9,3735.48,,
6/15/2022,29.62,30.29,3789.99,,
6/16/2022,32.95,31.59,3666.77,,
6/17/2022,31.13,28.34,3674.84,,
6/21/2022,30.19,29.56,3764.79,,
6/22/2022,28.95,29.57,3759.89,,
6/23/2022,29.05,29.09,3795.73,,
6/24/2022,27.23,30.91,3911.74,,
6/27/2022,26.95,30.76,3900.11,,
6/28/2022,28.36,30.89,3821.55,,
6/29/2022,28.16,29.71,3818.83,,
6/30/2022,28.71,29.75,3785.38,,
7/1/2022,26.7,29.78,3825.33,,
7/5/2022,27.54,29.09,3831.39,,
7/6/2022,26.73,28.53,3845.08,,
7/7/2022,26.08,28.94,3902.62,,
7/8/2022,24.64,28.76,3899.38,,
7/11/2022,26.17,28.79,3854.43,,
7/12/2022,27.29,27.69,3818.8,,
7/13/2022,26.82,25.78,3801.78,,
7/14/2022,26.4,21.96,3790.38,,
7/15/2022,24.23,22.85,3863.16,,
7/18/2022,25.3,22.46,3830.85,,
7/19/2022,24.5,21.5,3936.69,,
7/20/2022,23.88,21.63,3959.9,,
7/21/2022,23.11,20.07,3998.95,,
7/22/2022,23.03,20.31,3961.63,,
7/25/2022,23.36,20,3966.84,,
7/26/2022,24.69,17.37,3921.05,,
7/27/2022,23.24,19.56,4023.61,,
7/28/2022,22.33,18.64,4072.43,,
7/29/2022,21.33,19.33,4130.29,,
8/1/2022,22.84,19.19,4118.63,,
8/2/2022,23.93,19.06,4091.19,,
8/3/2022,21.95,19.76,4155.17,,
8/4/2022,21.44,19.74,4151.94,,
8/5/2022,21.15,19.11,4145.19,,
8/8/2022,21.29,19.12,4140.06,,
8/9/2022,21.77,18.77,4122.47,,
8/10/2022,19.74,19.85,4210.24,,
8/11/2022,20.2,19.76,4207.27,,
8/12/2022,19.53,20.52,4280.15,,
8/15/2022,19.95,19.56,4297.14,,
8/16/2022,19.69,19.37,4305.2,,
8/17/2022,19.9,17.22,4274.04,,
8/18/2022,19.56,17.09,4283.74,,
8/19/2022,20.6,17.4,4228.48,,
8/22/2022,23.8,18.56,4137.99,,
8/23/2022,24.11,18.58,4128.73,,
8/24/2022,22.82,18.16,4140.77,,
8/25/2022,21.78,16.44,4199.12,,
8/26/2022,25.56,19.91,4057.66,,
8/29/2022,26.21,19.37,4030.61,,
8/30/2022,26.21,19.74,3986.16,,
8/31/2022,25.87,19.79,3955,,
9/1/2022,25.56,19.1,3966.85,,
9/2/2022,25.47,19.45,3924.26,,
9/6/2022,26.91,19.48,3908.19,,
9/7/2022,24.64,20.43,3979.87,,
9/8/2022,23.61,20.49,4006.18,,
9/9/2022,22.79,19.91,4067.36,,
9/12/2022,23.87,20.64,4110.41,,
9/13/2022,27.27,25.03,3932.69,,
9/14/2022,26.16,25.04,3946.01,,
9/15/2022,26.27,25.23,3901.35,,
9/16/2022,26.3,25.36,3873.33,,
9/19/2022,25.76,25.07,3899.89,,
9/20/2022,27.16,24.33,3855.93,,
9/21/2022,27.99,25.07,3789.93,,
9/22/2022,27.35,25.22,3757.99,,
9/23/2022,29.92,25.45,3693.23,,
9/26/2022,32.26,22.75,3655.04,,
9/27/2022,32.6,22.65,3647.29,,
9/28/2022,30.18,23.26,3719.04,,
9/29/2022,31.84,24.19,3640.47,,
9/30/2022,31.62,24.6,3585.62,,
10/3/2022,30.1,25.62,3678.43,,
10/4/2022,29.07,27.58,3790.93,,
10/5/2022,28.55,26.88,3783.28,,
10/6/2022,30.52,27.07,3744.52,,
10/7/2022,31.36,28.31,3639.66,,
10/10/2022,32.45,28.16,3612.39,,
10/11/2022,33.63,27.99,3588.84,,
10/12/2022,33.57,23.46,3577.03,,
10/13/2022,31.94,25.07,3669.91,,
10/14/2022,32.02,25.98,3583.07,,
10/17/2022,31.37,27.25,3677.95,,
10/18/2022,30.5,27.42,3719.98,,
10/19/2022,30.76,27.24,3695.16,,
10/20/2022,29.98,26.69,3665.78,,
10/21/2022,29.69,27.74,3752.75,,
10/24/2022,29.85,27.43,3797.34,,
10/25/2022,28.46,27.76,3859.11,,
10/26/2022,27.28,27.85,3830.6,,
10/27/2022,27.39,27.13,3807.3,,
10/28/2022,25.75,27.39,3901.06,,
10/31/2022,25.88,27.12,3871.98,,
11/1/2022,25.81,25.94,3856.1,,
11/2/2022,25.86,25.38,3759.69,,
11/3/2022,25.3,25.65,3719.89,,
11/4/2022,24.55,25.82,3770.55,,
11/7/2022,24.35,24.13,3806.8,,
11/8/2022,25.54,24.06,3828.11,,
11/9/2022,26.09,25.03,3748.57,,
11/10/2022,23.53,31.03,3956.37,,
11/11/2022,22.52,29.92,3992.93,,
11/14/2022,23.73,29,3957.25,,
11/15/2022,24.54,27.83,3991.73,,
11/16/2022,24.11,27.65,3958.79,,
11/17/2022,23.93,27.58,3946.56,,
11/18/2022,23.12,27.47,3965.34,,
11/21/2022,22.36,26.27,3949.94,,
11/22/2022,21.29,26.36,4003.58,,
11/23/2022,20.35,25.86,4027.26,,
11/25/2022,20.5,25.75,4026.12,,
11/28/2022,22.21,24.95,3963.94,,
11/29/2022,21.89,24.83,3957.63,,
11/30/2022,20.58,26.89,4080.11,,
12/1/2022,19.84,25.43,4076.57,,
12/2/2022,19.06,25.16,4071.7,,
12/5/2022,20.75,25.44,3998.84,,
12/6/2022,22.17,25.71,3941.26,,
12/7/2022,22.68,25.65,3933.92,,
12/8/2022,22.29,24.74,3963.51,,
12/9/2022,22.83,16.78,3934.38,,
12/12/2022,25,17.18,3990.56,,
12/13/2022,22.55,17.14,4019.65,,
12/14/2022,21.14,17.04,3995.32,,
12/15/2022,22.83,18.89,3895.75,,
12/16/2022,22.62,19.33,3852.36,,
12/19/2022,22.42,19.5,3817.66,,
12/20/2022,21.48,19.46,3821.62,,
12/21/2022,20.07,19.59,3878.44,,
12/22/2022,21.97,20.11,3822.39,,
12/23/2022,20.87,20.19,3844.82,,
12/27/2022,21.65,20.23,3829.25,,
12/28/2022,22.14,19.95,3783.22,,
12/29/2022,21.44,20.79,3849.28,,
12/30/2022,21.67,18.02,3839.5,,
1/3/2023,22.9,18.07,3824.14,,
1/4/2023,22.01,18.26,3852.97,,
1/5/2023,22.46,17.68,3808.1,,
1/6/2023,21.13,18.63,3895.08,,
1/9/2023,21.97,18.62,3892.09,,
1/10/2023,20.58,18.6,3919.25,,
1/11/2023,21.09,18.94,3969.61,,
1/12/2023,18.83,18.29,3983.17,,
1/13/2023,18.35,18.15,3999.09,,
1/17/2023,19.36,18.02,3990.97,,
1/18/2023,20.34,16.75,3928.86,,
1/19/2023,20.52,16.38,3898.85,,
1/20/2023,19.85,17.24,3972.61,,
1/23/2023,19.81,17.75,4019.81,,
1/24/2023,19.2,16.99,4016.95,,
1/25/2023,19.08,16.24,4016.22,,
1/26/2023,18.73,16.55,4060.43,,
1/27/2023,18.51,16.52,4070.56,,
1/30/2023,19.94,16.55,4017.77,,
1/31/2023,19.4,16.24,4076.6,,
2/1/2023,17.87,16.64,4119.21,,
2/2/2023,18.73,17.3,4179.76,,
2/3/2023,18.33,17.5,4136.48,,
2/6/2023,19.43,17.12,4111.08,,
2/7/2023,18.66,15.89,4164,,
2/8/2023,19.63,16.3,4117.86,,
2/9/2023,20.71,16.43,4081.5,,
2/10/2023,20.53,15.83,4090.46,,
2/13/2023,20.34,16.31,4137.29,,
2/14/2023,18.91,16.27,4136.13,,
2/15/2023,18.23,16.3,4147.6,,
2/16/2023,20.17,16.17,4090.41,,
2/17/2023,20.02,16,4079.09,,
2/21/2023,22.87,16.27,3997.34,,
2/22/2023,22.29,15.71,3991.05,,
2/23/2023,21.14,15.78,4012.32,,
2/24/2023,21.67,16.23,3970.04,,
2/27/2023,20.95,15.86,3982.24,,
2/28/2023,20.7,15.89,3970.15,,
3/1/2023,20.58,15.35,3951.39,,
3/2/2023,19.59,14.72,3981.35,,
3/3/2023,18.49,15.24,4045.64,,
3/6/2023,18.61,14.43,4048.42,,
3/7/2023,19.59,14.92,3986.37,,
3/8/2023,19.11,14.81,3992.01,,
3/9/2023,22.61,15.6,3918.32,,
3/10/2023,24.8,16.04,3861.59,,
3/13/2023,26.52,15.72,3855.76,,
3/14/2023,23.73,16.63,3919.29,,
3/15/2023,26.14,16.23,3891.93,,
3/16/2023,22.99,17.21,3960.28,,
3/17/2023,25.51,17.61,3916.64,,
3/20/2023,24.15,17.17,3951.57,,
3/21/2023,21.38,17.74,4002.87,,
3/22/2023,22.26,18.31,3936.97,,
3/23/2023,22.61,18.25,3948.72,,
3/24/2023,21.74,18,3970.99,,
3/27/2023,20.6,17.97,3977.53,,
3/28/2023,19.97,17.94,3971.27,,
3/29/2023,19.12,18.59,4027.81,,
3/30/2023,19.02,18.52,4050.83,,
3/31/2023,18.7,18.29,4109.31,,
4/3/2023,18.55,18.36,4124.51,,
4/4/2023,19,17.66,4100.6,,
4/5/2023,19.08,17.68,4090.38,,
4/6/2023,18.4,16.45,4105.02,,
4/10/2023,18.97,15.61,4109.11,,
4/11/2023,19.1,15.61,4108.94,,
4/12/2023,19.09,14.68,4091.95,,
4/13/2023,17.8,15.19,4146.22,,
4/14/2023,17.07,14.1,4137.64,,
4/17/2023,16.95,13.67,4151.32,,
4/18/2023,16.83,12.5,4154.87,,
4/19/2023,16.46,11.09,4154.52,,
4/20/2023,17.17,9.78,4129.79,,
4/21/2023,16.77,9.78,4133.52,,
4/24/2023,16.89,9.52,4137.04,,
4/25/2023,18.76,10.96,4071.63,,
4/26/2023,18.84,11.04,4055.99,,
4/27/2023,17.03,11.91,4135.35,,
4/28/2023,15.78,12.09,4169.48,,
5/1/2023,16.08,11.17,4167.87,,
5/2/2023,17.78,11.73,4119.58,,
5/3/2023,18.34,11.82,4090.75,,
5/4/2023,20.09,12.06,4061.22,,
5/5/2023,17.19,13.5,4136.25,,
5/8/2023,16.98,13.5,4138.12,,
5/9/2023,17.71,13.58,4119.17,,
5/10/2023,16.94,13.61,4137.64,,
5/11/2023,16.93,12.93,4130.62,,
5/12/2023,17.03,12.91,4124.08,,
5/15/2023,17.12,12.9,4136.28,,
5/16/2023,17.99,13.03,4109.9,,
5/17/2023,16.87,13.69,4158.77,,
5/18/2023,16.05,14.08,4198.05,,
5/19/2023,16.81,13.88,4191.98,,
5/22/2023,17.21,13.86,4192.63,,
5/23/2023,18.53,14.38,4145.58,,
5/24/2023,20.03,13.51,4115.24,,
5/25/2023,19.14,13.72,4151.28,,
5/26/2023,17.95,12.71,4205.45,,
5/30/2023,17.46,12.41,4205.52,,
5/31/2023,17.94,12.54,4179.83,,
6/1/2023,15.65,12.28,4221.02,,
6/2/2023,14.6,12.97,4282.37,,
6/5/2023,14.73,12.72,4273.79,,
6/6/2023,13.96,11.14,4283.85,,
6/7/2023,13.94,11.19,4267.52,,
6/8/2023,13.65,11.25,4293.93,,
6/9/2023,13.83,11.15,4298.86,,
6/12/2023,15.01,11.58,4338.93,,
6/13/2023,14.61,11.79,4369.01,,
6/14/2023,13.88,11.74,4372.59,,
6/15/2023,14.5,12.23,4425.84,,
6/16/2023,13.54,11.58,4409.59,,
6/20/2023,13.88,11.2,4388.71,,
6/21/2023,13.2,11.31,4365.69,,
6/22/2023,12.91,11.37,4381.89,,
6/23/2023,13.44,11.05,4348.33,,
6/26/2023,14.25,10.86,4328.82,,
6/27/2023,13.74,11.13,4378.41,,
6/28/2023,13.43,10.27,4376.86,,
6/29/2023,13.54,10.35,4396.44,,
6/30/2023,13.59,10.87,4450.38,,
7/3/2023,13.57,10.47,4455.59,,
7/5/2023,14.18,9.33,4446.82,,
7/6/2023,15.44,9.71,4411.59,,
7/7/2023,14.83,9.71,4398.95,,
7/10/2023,15.07,9.57,4409.53,,
7/11/2023,14.84,9.81,4439.26,,
7/12/2023,13.54,9.7,4472.16,,
7/13/2023,13.61,9.78,4510.04,,
7/14/2023,13.34,9.78,4505.42,,
7/17/2023,13.48,8.97,4522.79,,
7/18/2023,13.3,9.21,4554.98,,
7/19/2023,13.76,9.13,4565.72,,
7/20/2023,13.99,9.23,4534.87,,
7/21/2023,13.6,9.16,4536.34,,
7/24/2023,13.91,8.88,4554.64,,
7/25/2023,13.86,8.83,4567.46,,
7/26/2023,13.19,8.01,4566.75,,
7/27/2023,14.41,8.37,4537.41,,
7/28/2023,13.33,8.85,4582.23,,
7/31/2023,13.63,8.05,4588.96,,
8/1/2023,13.93,8.09,4576.73,,
8/2/2023,16.09,9.34,4513.39,,
8/3/2023,15.92,9.4,4501.89,,
8/4/2023,17.1,9.15,4478.03,,
8/7/2023,15.77,9.59,4518.44,,
8/8/2023,15.99,9.65,4499.38,,
8/9/2023,15.96,9.67,4467.71,,
8/10/2023,15.85,9.24,4468.83,,
8/11/2023,14.84,8.87,4464.05,,
8/14/2023,14.82,9.1,4489.72,,
8/15/2023,16.46,9.86,4437.86,,
8/16/2023,16.78,9.86,4404.33,,
8/17/2023,17.89,10.23,4370.36,,
8/18/2023,17.3,9.98,4369.71,,
8/21/2023,17.13,10.26,4399.77,,
8/22/2023,16.97,10.18,4387.55,,
8/23/2023,15.98,10.88,4436.01,,
8/24/2023,17.2,11.9,4376.31,,
8/25/2023,15.68,11.86,4405.71,,
8/28/2023,15.08,11.64,4433.31,,
8/29/2023,14.45,12.65,4497.63,,
8/30/2023,13.88,12.71,4514.87,,
8/31/2023,13.57,11.83,4507.66,,
9/1/2023,13.09,11.79,4515.77,,
9/5/2023,14.01,11.72,4496.83,,
9/6/2023,14.45,11.54,4465.48,,
9/7/2023,14.4,11.51,4451.14,,
9/8/2023,13.84,11.29,4457.49,,
9/11/2023,13.8,11.53,4487.46,,
9/12/2023,14.23,11.68,4461.9,,
9/13/2023,13.48,11.5,4467.44,,
9/14/2023,12.82,11.12,4505.1,,
9/15/2023,13.79,11.68,4450.32,,
9/18/2023,14,11.34,4453.53,,
9/19/2023,14.11,11.36,4443.95,,
9/20/2023,15.14,11.55,4402.2,,
9/21/2023,17.54,12.91,4330,,
9/22/2023,17.2,12.34,4320.06,,
9/25/2023,16.9,11.47,4337.44,,
9/26/2023,18.94,13.39,4273.53,,
9/27/2023,18.22,12.22,4274.51,,
9/28/2023,17.34,12.26,4299.7,,
9/29/2023,17.52,12.28,4288.05,,
10/2/2023,17.61,12.28,4288.39,,
10/3/2023,19.78,13.05,4229.45,,
10/4/2023,18.58,13.12,4263.75,,
10/5/2023,18.49,13.07,4258.19,,
10/6/2023,17.45,13.65,4308.5,,
10/9/2023,17.7,13.64,4335.66,,
10/10/2023,17.03,13.64,4358.24,,
10/11/2023,16.09,13.7,4376.95,,
10/12/2023,16.69,13.6,4349.61,,
10/13/2023,19.32,13.02,4327.78,,
10/16/2023,17.21,13.53,4373.63,,
10/17/2023,17.88,13.51,4373.2,,
10/18/2023,19.22,13.9,4314.6,,
10/19/2023,21.4,13.02,4278,,
10/20/2023,21.71,13.7,4224.16,,
10/23/2023,20.37,13.61,4217.04,,
10/24/2023,18.97,12.85,4247.68,,
10/25/2023,20.19,12.69,4186.77,,
10/26/2023,20.68,13.41,4137.23,,
10/27/2023,21.27,13.39,4117.37,,
10/30/2023,19.75,14,4166.82,,
10/31/2023,18.14,14.17,4193.8,,
11/1/2023,16.87,13.9,4237.86,,
11/2/2023,15.66,15.09,4317.78,,
11/3/2023,14.91,15.4,4358.34,,
11/6/2023,14.89,14.92,4365.98,,
11/7/2023,14.81,14.77,4378.38,,
11/8/2023,14.45,14.65,4382.78,,
11/9/2023,15.29,14.85,4347.35,,
11/10/2023,14.17,15.63,4415.24,,
11/13/2023,14.76,15.51,4411.55,,
11/14/2023,14.16,16.44,4495.7,,
11/15/2023,14.18,16.46,4502.88,,
11/16/2023,14.32,15.82,4508.24,,
11/17/2023,13.8,15.48,4514.02,,
11/20/2023,13.41,15.11,4547.38,,
11/21/2023,13.35,15.12,4538.19,,
11/22/2023,12.85,14.96,4556.62,,
11/24/2023,12.46,14.19,4559.34,,
11/27/2023,12.69,13.51,4550.43,,
11/28/2023,12.69,13.41,4554.89,,
11/29/2023,12.98,12.73,4550.58,,
11/30/2023,12.92,12.59,4567.8,,
12/1/2023,12.63,12.19,4594.63,,
12/4/2023,13.08,10.48,4569.78,,
12/5/2023,12.85,10,4567.18,,
12/6/2023,12.97,10.05,4549.34,,
12/7/2023,13.06,10.29,4585.59,,
12/8/2023,12.35,10.39,4604.37,,
12/11/2023,12.63,10.11,4622.44,,
12/12/2023,12.07,8.72,4643.7,,
12/13/2023,12.19,9.99,4707.09,,
12/14/2023,12.48,7.58,4719.55,,
12/15/2023,12.28,7.57,4719.19,,
12/18/2023,12.56,7.84,4740.56,,
12/19/2023,12.53,8.09,4768.37,,
12/20/2023,13.67,9.03,4698.35,,
12/21/2023,13.65,9.59,4746.75,,
12/22/2023,13.03,9.54,4754.63,,
12/26/2023,12.99,9.66,4774.75,,
12/27/2023,12.43,9.7,4781.58,,
12/28/2023,12.47,9.7,4783.35,,
12/29/2023,12.45,9.77,4769.83,,
1/2/2024,13.2,9.88,4742.83,,
1/3/2024,14.04,10.1,4704.81,,
1/4/2024,14.13,10.03,4688.68,,
1/5/2024,13.35,10.03,4697.24,,
1/8/2024,13.08,11.08,4763.54,,
1/9/2024,12.76,10.83,4756.5,,
1/10/2024,12.69,10.95,4783.45,,
1/11/2024,12.44,10.86,4780.24,,
1/12/2024,12.7,10.75,4783.83,,
1/16/2024,13.84,9.63,4765.98,,
1/17/2024,14.79,9.76,4739.21,,
1/18/2024,14.13,10.15,4780.94,,
1/19/2024,13.3,10.81,4839.81,,
1/22/2024,13.19,10.65,4850.43,,
1/23/2024,12.55,9.52,4864.6,,
1/24/2024,13.14,8.94,4868.55,,
1/25/2024,13.45,9.09,4894.16,,
1/26/2024,13.26,8.97,4890.97,,
1/29/2024,13.6,9.35,4927.93,,
1/30/2024,13.31,9.35,4924.97,,
1/31/2024,14.35,10.79,4845.65,,
2/1/2024,13.88,11.46,4906.19,,
2/2/2024,13.85,11.65,4958.61,,
2/5/2024,13.67,11.64,4942.81,,
2/6/2024,13.06,11.67,4954.23,,
2/7/2024,12.83,11,4995.06,,
2/8/2024,12.79,10.99,4997.91,,
2/9/2024,12.93,10.92,5026.61,,
2/12/2024,13.93,10.91,5021.84,,
2/13/2024,15.85,11.94,4953.17,,
2/14/2024,14.38,12.29,5000.62,,
2/15/2024,14.01,12.35,5029.73,,
2/16/2024,14.24,12.16,5005.57,,
2/20/2024,15.42,11.53,4975.51,,
2/21/2024,15.34,11.5,4981.8,,
2/22/2024,14.54,13.4,5087.03,,
2/23/2024,13.75,13.39,5088.8,,
2/26/2024,13.74,13.33,5069.53,,
2/27/2024,13.43,13.34,5078.18,,
2/28/2024,13.84,13.05,5069.76,,
2/29/2024,13.4,13.1,5096.27,,
3/1/2024,13.11,12.26,5137.08,,
3/4/2024,13.49,11.49,5130.95,,
3/5/2024,14.46,11.49,5078.65,,
3/6/2024,14.5,11.6,5104.76,,
3/7/2024,14.44,12.01,5157.36,,
3/8/2024,14.74,11.84,5123.69,,
3/11/2024,15.22,11.84,5117.94,,
3/12/2024,13.84,12.29,5175.27,,
3/13/2024,13.75,12.3,5165.31,,
3/14/2024,14.4,11.34,5150.48,,
3/15/2024,14.41,11.2,5117.09,,
3/18/2024,14.33,11.21,5149.42,,
3/19/2024,13.82,11.2,5178.51,,
3/20/2024,13.04,11.53,5224.62,,
3/21/2024,12.92,11.56,5241.53,,
3/22/2024,13.06,9.27,5234.18,,
3/25/2024,13.19,9.31,5218.19,,
3/26/2024,13.24,9.24,5203.58,,
3/27/2024,12.78,9.62,5248.49,,
3/28/2024,13.01,9.61,5254.35,,
4/1/2024,13.65,9.57,5243.77,,
4/2/2024,14.61,9.31,5205.81,,
4/3/2024,14.33,9.31,5211.49,,
4/4/2024,16.35,9.68,5147.21,,
4/5/2024,16.03,10.09,5204.34,,
4/8/2024,15.19,8.66,5202.39,,
4/9/2024,14.98,8.46,5209.91,,
4/10/2024,15.8,8.48,5160.64,,
4/11/2024,14.91,8.56,5199.06,,
4/12/2024,17.31,10,5123.41,,
4/15/2024,19.23,10.11,5061.82,,
4/16/2024,18.4,10.13,5051.41,,
4/17/2024,18.21,10.3,5022.21,,
4/18/2024,18,10,5011.12,,
4/19/2024,18.71,10.24,4967.23,,
4/22/2024,16.94,10.55,5010.6,,
4/23/2024,15.69,10.93,5070.55,,
4/24/2024,15.97,10.88,5071.63,,
4/25/2024,15.37,10.97,5048.42,,
4/26/2024,15.03,11.42,5099.96,,
4/29/2024,14.67,11.47,5116.17,,
4/30/2024,15.65,12.43,5035.69,,
5/1/2024,15.39,12.49,5018.39,,
5/2/2024,14.68,12.95,5064.2,,
5/3/2024,13.49,13.37,5127.79,,
5/6/2024,13.49,13.85,5180.74,,
5/7/2024,13.23,13.84,5187.7,,
5/8/2024,13,13.83,5187.67,,
5/9/2024,12.69,13.55,5214.08,,
5/10/2024,12.55,13.33,5222.68,,
5/13/2024,13.6,12.28,5221.42,,
5/14/2024,13.42,11.7,5246.68,,
5/15/2024,12.45,12.45,5308.15,,
5/16/2024,12.42,12.32,5297.1,,
5/17/2024,11.99,12.3,5303.27,,
5/20/2024,12.15,11.9,5308.13,,
5/21/2024,11.86,11.51,5321.41,,
5/22/2024,12.29,10.7,5307.01,,
5/23/2024,12.77,11.05,5267.84,,
5/24/2024,11.93,11.15,5304.72,,
5/28/2024,12.92,10.67,5306.04,,
5/29/2024,14.28,10.89,5266.95,,
5/30/2024,14.47,9.64,5235.48,,
5/31/2024,12.92,9.94,5277.51,,
6/3/2024,13.11,9.32,5283.4,,
6/4/2024,13.16,8.46,5291.34,,
6/5/2024,12.63,8.66,5354.03,,
6/6/2024,12.58,8.65,5352.96,,
6/7/2024,12.22,8.67,5346.99,,
6/10/2024,12.74,8.57,5360.79,,
6/11/2024,12.85,8.6,5375.32,,
6/12/2024,12.04,9.04,5421.03,,
6/13/2024,11.94,8.94,5433.74,,
6/14/2024,12.66,7.83,5431.6,,
6/17/2024,12.75,8.29,5473.23,,
6/18/2024,12.3,8.31,5487.03,,
6/20/2024,13.28,8.34,5473.17,,
6/21/2024,13.2,8.34,5464.62,,
6/24/2024,13.33,8.34,5447.87,,
6/25/2024,12.84,7.99,5469.3,,
6/26/2024,12.55,7.7,5477.9,,
6/27/2024,12.24,7.71,5482.87,,
6/28/2024,12.44,7.49,5460.48,,
7/1/2024,12.22,7.22,5475.09,,
7/2/2024,12.03,7.08,5509.01,,
7/3/2024,12.09,7.21,5537.02,,
7/5/2024,12.48,6.41,5567.19,,
7/8/2024,12.37,6.42,5572.85,,
7/9/2024,12.51,6.4,5576.98,,
7/10/2024,12.85,7.11,5633.91,,
7/11/2024,12.92,7.61,5584.54,,
7/12/2024,12.46,7.31,5615.35,,
7/15/2024,13.12,7.36,5631.22,,
7/16/2024,13.19,7.64,5667.2,,
7/17/2024,14.48,8.56,5588.27,,
7/18/2024,15.93,8.91,5544.59,,
7/19/2024,16.52,9.22,5505,,
7/22/2024,14.91,9.85,5564.41,,
7/23/2024,14.72,9.83,5555.74,,
7/24/2024,18.04,12.45,5427.13,,
7/25/2024,18.46,12.57,5399.22,,
7/26/2024,16.39,13.1,5459.1,,
7/29/2024,16.6,13,5463.54,,
7/30/2024,17.69,13.11,5436.44,,
7/31/2024,16.36,13.99,5522.3,,
8/1/2024,18.59,14.69,5446.68,,
8/2/2024,23.39,16.04,5346.56,,
8/5/2024,38.57,18.6,5186.33,,
8/6/2024,27.71,18.77,5240.03,,
8/7/2024,27.85,18.89,5199.5,,
8/8/2024,23.79,20.28,5319.31,,
8/9/2024,20.37,20.11,5344.16,,
8/12/2024,20.71,20.03,5344.39,,
8/13/2024,18.12,20.78,5434.43,,
8/14/2024,16.19,20.71,5455.21,,
8/15/2024,15.23,21,5543.22,,
8/16/2024,14.8,20.84,5554.25,,
8/19/2024,14.65,20.96,5608.25,,
8/20/2024,15.88,20.66,5597.12,,
8/21/2024,16.27,20.69,5620.85,,
8/22/2024,17.55,19.35,5570.64,,
8/23/2024,15.86,19.56,5634.61,,
8/26/2024,16.15,19.21,5616.84,,
8/27/2024,15.43,19.22,5625.8,,
8/28/2024,17.11,19.23,5592.18,,
8/29/2024,15.65,18.46,5591.96,,
8/30/2024,15,18.07,5648.4,,
9/3/2024,20.72,18.25,5528.93,,
9/4/2024,21.32,15.53,5520.07,,
9/5/2024,19.9,15.34,5503.41,,
9/6/2024,22.38,16.3,5408.42,,
9/9/2024,19.45,14.65,5471.05,,
9/10/2024,19.08,14.69,5495.52,,
9/11/2024,17.69,15.07,5554.13,,
9/12/2024,17.07,14.3,5595.76,,
9/13/2024,16.56,14.35,5626.02,,
9/16/2024,17.14,13.08,5633.09,,
9/17/2024,17.61,13.07,5634.58,,
9/18/2024,18.23,12.69,5618.26,,
9/19/2024,16.33,14.01,5713.64,,
9/20/2024,16.15,13.99,5702.55,,
9/23/2024,15.89,13.79,5718.57,,
9/24/2024,15.39,13.4,5732.93,,
9/25/2024,15.41,13.4,5722.26,,
9/26/2024,15.37,13.47,5745.37,,
9/27/2024,16.96,13.33,5738.17,,
9/30/2024,16.73,13.43,5762.48,,
10/1/2024,19.26,13.53,5708.75,,
10/2/2024,18.9,11.54,5709.54,,
10/3/2024,20.49,11.53,5699.94,,
10/4/2024,19.21,11.87,5751.07,,
10/7/2024,22.64,10.71,5695.94,,
10/8/2024,21.42,10.53,5751.13,,
10/9/2024,20.86,10.7,5792.04,,
10/10/2024,20.93,10.17,5780.05,,
10/11/2024,20.46,9.85,5815.03,,
10/14/2024,19.7,10.17,5859.85,,
10/15/2024,20.64,10.51,5815.26,,
10/16/2024,19.58,10.6,5842.47,,
10/17/2024,19.11,10.55,5841.47,,
10/18/2024,18.03,8.78,5864.67,,
10/21/2024,18.37,8.73,5853.98,,
10/22/2024,18.2,8.67,5851.2,,
10/23/2024,19.24,9.22,5797.42,,
10/24/2024,19.08,9.23,5809.86,,
10/25/2024,20.33,9.13,5808.12,,
10/28/2024,19.8,9.18,5823.52,,
10/29/2024,19.34,9.04,5832.92,,
10/30/2024,20.35,8.49,5813.67,,
10/31/2024,23.16,10.78,5705.45,,
11/1/2024,21.88,10.84,5728.8,,
11/4/2024,21.98,10.47,5712.69,,
11/5/2024,20.49,10.84,5782.76,,
11/6/2024,16.27,13.4,5929.04,,
11/7/2024,15.2,13.47,5973.1,,
11/8/2024,14.94,13.51,5995.54,,
11/11/2024,14.97,13.4,6001.35,,
11/12/2024,14.71,13.1,5983.99,,
11/13/2024,14.02,12.82,5985.38,,
11/14/2024,14.31,12.93,5949.17,,
11/15/2024,16.14,13.79,5870.62,,
11/18/2024,15.58,13.83,5893.62,,
11/19/2024,16.35,13.87,5916.98,,
11/20/2024,17.16,13.87,5917.11,,
11/21/2024,16.87,13.61,5948.71,,
11/22/2024,15.24,13.61,5969.34,,
11/25/2024,14.6,13.67,5987.37,,
11/26/2024,14.1,13.75,6021.63,,
11/27/2024,14.1,13.78,5998.74,,
11/29/2024,13.51,13.88,6032.38,,
12/2/2024,13.34,12.31,6047.15,,
12/3/2024,13.3,12.29,6049.88,,
12/4/2024,13.45,11.77,6086.49,,
12/5/2024,13.54,8.14,6075.11,,
12/6/2024,12.77,7.66,6090.27,,
12/9/2024,14.19,7.76,6052.85,,
12/10/2024,14.18,7.81,6034.91,,
12/11/2024,13.58,8.17,6084.19,,
12/12/2024,13.92,8.33,6051.25,,
12/13/2024,13.81,8.05,6051.09,,
12/16/2024,14.69,6.65,6074.08,,
12/17/2024,15.87,6.65,6050.61,,
12/18/2024,27.62,12.42,5872.16,,
12/19/2024,24.09,12.42,5867.08,,
12/20/2024,18.36,12.82,5930.85,,
12/23/2024,16.78,13.01,5974.07,,
12/24/2024,14.27,13.94,6040.04,,
12/26/2024,14.73,13.32,6037.59,,
12/27/2024,15.95,13.8,5970.84,,
12/30/2024,17.4,14.16,5906.94,,
12/31/2024,17.35,14.08,5881.63,,
1/2/2025,17.93,14.09,5868.55,,
1/3/2025,16.13,14.66,5942.47,,
1/6/2025,16.04,14.66,5975.38,,
1/7/2025,17.82,15.14,5909.03,,
1/8/2025,17.7,15.15,5918.25,,
1/10/2025,19.54,16.03,5827.04,,
1/13/2025,19.19,16.01,5836.22,,
1/14/2025,18.71,15.8,5842.91,,
1/15/2025,16.12,16.94,5949.91,,
1/16/2025,16.6,16.94,5937.34,,
1/17/2025,15.97,17.18,5996.66,,
1/21/2025,15.06,17.4,6049.24,,
1/22/2025,15.1,13.97,6086.37,,
1/23/2025,15.02,14.11,6118.71,,
1/24/2025,14.85,13.66,6101.24,,